0.566043; /society/social institution|0.566043; /society/social institution/marriage|0.55779; /travel/hotels|
0.536081; /art and entertainment|0.527666; /society/social institution/divorce|0.527644; /style and fashion/body art|
0.580542; /family and parenting/children|0.563111; /family and parenting/parenting teens|0.531217; /family and parenting/babies and toddlers/baby clothes|
0.571772; /art and entertainment/shows and events|0.555019; /news|0.554526; /hobbies and interests/games|
0.575858; /art and entertainment/shows and events|0.544442; /sports/go kart|0.542536; /business and industrial/business operations/business plans|
0.585668; /hobbies and interests/home recording|0.542602; /art and entertainment/comics and animation/comics|0.522695; /sports/wrestling|
0.69577; /health and fitness/sexuality|0.678688; /society/social institution/divorce|0.599797; /society/sex|
0.69577; /health and fitness/sexuality|0.678688; /society/social institution/divorce|0.599797; /society/sex|
0.807628; /style and fashion|0.720499; /style and fashion/clothing/skirts|0.684331; /style and fashion/men 's fashion|
0.774348; /family and parenting/babies and toddlers/baby clothes|0.726451; /style and fashion|0.593278; /style and fashion/clothing/skirts|
0.607027; /law, govt and politics|0.565961; /automotive and vehicles/vehicle brands|0.559601; /law, govt and politics/law enforcement|
0.585668; /hobbies and interests/home recording|0.542602; /art and entertainment/comics and animation/comics|0.522695; /sports/wrestling|
0.819002; /style and fashion|0.652157; /style and fashion/beauty|
0.560997; /sports/skateboarding|0.534546; /art and entertainment/shows and events/festival|0.51442; /art and entertainment/shows and events/concert|
0.712917; /society/unrest and war|0.572938; /religion and spirituality/christianity/protestantism|
0.560997; /sports/skateboarding|0.534546; /art and entertainment/shows and events/festival|0.51442; /art and entertainment/shows and events/concert|
0.572447; /travel/tourist destinations/france|0.565328; /society/dating|0.540988; /travel/tourist destinations/italy|
0.660429; /science/mathematics/algebra|0.610479; /art and entertainment/shows and events|0.577583; /society/unrest and war|
0.90705; /law, govt and politics/politics/elections/presidential elections|0.615051; /law, govt and politics/politics/political parties|
0.666886; /society/unrest and war|0.561617; /style and fashion|0.546879; /family and parenting/children|
0.864624; /real estate/buying and selling homes|
0.72637; /business and industrial/business operations/human resources/compensation and benefits|0.694952; /society/work|0.625481; /society/work/unions|
0.628894; /art and entertainment/shows and events/concert|0.571614; /sports/wrestling|0.570829; /business and industrial/business operations|
0.82928; /news/national news|
0.623189; /family and parenting/babies and toddlers/baby clothes|0.60273; /art and entertainment/shows and events|0.572909; /society/dating|
0.639689; /sports/golf|0.559658; /news|
0.598876; /art and entertainment/shows and events|0.595286; /health and fitness/sexuality|0.587772; /family and parenting/parenting teens|
0.654023; /society/social institution/divorce|0.642014; /health and fitness/sexuality|0.583415; /style and fashion|
0.703824; /education/special education|0.667652; /law, govt and politics/government|0.646511; /law, govt and politics/politics|
0.854455; /business and industrial/business operations/human resources/compensation and benefits|0.824884; /society/work|0.776511; /society/work/unions|
0.670122; /real estate/buying and selling homes|0.64965; /business and industrial/company/earnings|0.604065; /finance/investing/funds|
0.779122; /business and industrial/business operations/human resources/compensation and benefits|0.764843; /society/work|0.715044; /society/work/unions|
0.597921; /art and entertainment/movies and tv/movies|0.587827; /real estate/buying and selling homes|0.561883; /art and entertainment/movies and tv/movies/reviews|
0.763541; /society/social institution/divorce|0.591838; /society/dating|
0.950587; /law, govt and politics/politics/elections/presidential elections|
0.917884; /law, govt and politics/politics/elections/presidential elections|0.609676; /law, govt and politics/politics/political parties|
0.780245; /society/unrest and war|0.778454; /law, govt and politics|0.705792; /law, govt and politics/politics|
0.704143; /law, govt and politics/government|0.629915; /science/weather|0.58384; /education/special education|
0.622805; /law, govt and politics|0.607426; /sports/basketball|0.602613; /automotive and vehicles/auto parts|
0.725548; /law, govt and politics/politics/elections/presidential elections|0.57255; /law, govt and politics/politics/political parties|0.560934; /law, govt and politics/government|
0.809318; /society/social institution/divorce|0.605956; /family and parenting/children|
0.575237; /careers/job fairs|0.562457; /careers/career planning|0.562051; /law, govt and politics/government|
0.652874; /sports/cricket|0.648136; /society/unrest and war|0.608132; /sports/go kart|
0.946218; /society/work|0.855146; /family and parenting|0.769815; /society/work/unions|
0.967152; /law, govt and politics/armed forces/veterans|
0.783581; /law, govt and politics|0.682243; /law, govt and politics/politics|0.660198; /law, govt and politics/government|
0.675752; /society/social institution/divorce|0.598563; /art and entertainment/shows and events|0.576007; /sports/cricket|
0.861218; /law, govt and politics|0.794959; /law, govt and politics/politics/political parties|0.786812; /law, govt and politics/politics/elections|
0.797913; /law, govt and politics|0.792768; /law, govt and politics/government|0.762237; /society/unrest and war|
0.78198; /science/weather/meteorological disaster/hurricane|0.582794; /science/weather/meteorological disaster/tornado|
0.572288; /art and entertainment/shows and events|0.568522; /society/senior living|0.565004; /style and fashion|
0.603596; /law, govt and politics|0.578193; /health and fitness|0.562905; /family and parenting/children|
0.762264; /law, govt and politics/politics/elections/presidential elections|0.679468; /law, govt and politics/politics/political parties|0.627854; /law, govt and politics/government|
0.579067; /health and fitness|0.569625; /law, govt and politics|0.553274; /family and parenting/children|
0.612645; /art and entertainment/comics and animation|0.586809; /law, govt and politics/politics|0.578406; /education/homework and study tips|
NO_LABEL
0.64161; /science/weather/meteorological disaster/hurricane|0.593966; /art and entertainment/shows and events|0.587756; /business and industrial/business operations/business plans|
0.559228; /sports/bowling|0.534391; /art and entertainment/shows and events|0.526927; /sports/volleyball|
0.688367; /society/social institution/divorce|0.663701; /health and fitness/sexuality|0.600908; /style and fashion|
0.60081; /society/unrest and war|0.574356; /art and entertainment/shows and events|0.564314; /family and parenting/children|
0.722226; /society/unrest and war|0.702638; /society/crime/personal offense/assault|0.681559; /law, govt and politics/armed forces/army|
0.69577; /health and fitness/sexuality|0.678688; /society/social institution/divorce|0.599797; /society/sex|
0.788813; /finance/accounting and auditing|0.649434; /law, govt and politics|
0.780495; /law, govt and politics/immigration|0.745588; /society/unrest and war|0.61713; /education/teaching and classroom resources/school supplies|
0.687903; /law, govt and politics|0.652031; /society/unrest and war|0.612818; /sports|
0.554741; /society/social institution/divorce|0.544412; /society/gay life|0.540757; /law, govt and politics/government|
0.79428; /law, govt and politics/armed forces/air force|0.780349; /law, govt and politics/armed forces/navy|0.74942; /society/unrest and war|
0.525752; /business and industrial/record company|0.521252; /art and entertainment/shows and events/concert|0.519171; /art and entertainment/celebrity fan and gossip|
0.580789; /law, govt and politics|0.56275; /law, govt and politics/government|0.561048; /society/unrest and war|
0.600054; /society/unrest and war|0.568263; /law, govt and politics|0.551457; /religion and spirituality/judaism|
0.680558; /health and fitness/sexuality|0.672546; /society/social institution/divorce|0.616343; /style and fashion|
0.917886; /law, govt and politics|0.850113; /law, govt and politics/law enforcement|
0.901886; /law, govt and politics/politics/elections/presidential elections|0.706637; /law, govt and politics/government|0.696837; /law, govt and politics/immigration|
0.999986; /law, govt and politics/law enforcement|0.834856; /law, govt and politics/law enforcement/highway patrol|
0.84754; /law, govt and politics|0.786239; /law, govt and politics/law enforcement|
0.700001; /sports/wrestling|0.630341; /art and entertainment/shows and events/concert|0.60397; /automotive and vehicles/certified pre-owned|
0.536063; /sports/baseball|0.53155; /sports/boat racing|0.524925; /art and entertainment/comics and animation/anime and manga|
0.536063; /sports/baseball|0.53155; /sports/boat racing|0.524925; /art and entertainment/comics and animation/anime and manga|
0.816175; /family and parenting|0.629694; /society/unrest and war|
0.730856; /sports/martial arts|0.692446; /sports/boxing|0.661823; /sports/martial arts/judo|
0.642431; /family and parenting/children|0.579439; /sports/tennis|0.572402; /family and parenting/parenting teens|
0.613908; /art and entertainment/music/music reference|0.609676; /society/unrest and war|0.586005; /family and parenting/children|
0.60951; /sports/go kart|0.594572; /family and parenting/children|0.587338; /art and entertainment/shows and events|
0.565693; /family and parenting/babies and toddlers/baby clothes|0.557566; /family and parenting/parenting teens|0.540351; /family and parenting/children|
0.645476; /hobbies and interests/games|0.551661; /sports/go kart|0.543214; /society/unrest and war|
0.561839; /society/unrest and war|0.555647; /science/weather|0.55414; /science/weather/meteorological disaster/tornado|
0.535286; /law, govt and politics/politics|0.532652; /health and fitness/addiction|0.516605; /shopping/resources|
NO_LABEL
0.685768; /art and entertainment/radio/talk radio|0.615902; /art and entertainment/shows and events|0.564242; /family and parenting|
0.668466; /society/social institution/divorce|0.59579; /health and fitness/sexuality|0.548152; /family and parenting/parenting teens|
0.738548; /law, govt and politics|0.650844; /law, govt and politics/politics|0.647939; /society/unrest and war|
0.87443; /law, govt and politics/politics/elections/presidential elections|
0.968275; /business and industrial/advertising and marketing/advertising|0.632647; /law, govt and politics/politics/elections/presidential elections|
0.62576; /art and entertainment/shows and events|0.614297; /society/dating|0.601897; /society/unrest and war|
0.553267; /hobbies and interests/home recording|0.54106; /art and entertainment|0.536095; /family and parenting|
0.576658; /family and parenting/children|0.573866; /art and entertainment/shows and events|0.563125; /family and parenting/babies and toddlers/baby clothes|
0.653219; /business and industrial/business operations/business plans|0.58943; /business and industrial/business operations/management/business process|0.558919; /law, govt and politics|
0.751094; /finance/bank|0.730877; /real estate/buying and selling homes|0.69274; /finance/investing/funds|
0.878738; /society/welfare/healthcare|0.875234; /finance/investing/funds|0.828405; /society/work/unemployment|
0.584133; /law, govt and politics/politics/elections/referendums|0.582291; /society/unrest and war|0.556437; /education/teaching and classroom resources|
0.767735; /law, govt and politics/politics|0.653065; /society/work/unemployment|0.607599; /law, govt and politics/government|
0.999284; /society/racism|
0.690024; /family and parenting/children|0.629581; /society/social institution/divorce|0.54389; /religion and spirituality/christianity|
0.579819; /automotive and vehicles/cars/car industry|0.560414; /law, govt and politics/government|0.535847; /automotive and vehicles/cars/wagon|
0.609858; /technology and computing/hardware/computer components|0.574942; /technology and computing/hardware/computer/portable computer|0.571713; /business and industrial/metals|
0.769991; /technology and computing/internet technology|0.700895; /health and fitness|0.679947; /health and fitness/addiction|
0.988291; /society/racism|
0.674998; /sports/go kart|0.672714; /society/dating|0.636662; /family and parenting/babies and toddlers|
0.88975; /finance/investing/funds|0.876756; /society/welfare/healthcare|0.814591; /society/work/unemployment|
0.551773; /finance/investing|0.551773; /finance/investing/beginning investing|0.539791; /finance/investing/funds|
0.723715; /finance/investing/funds|0.712456; /finance/bank|0.708347; /finance/bank/bank account|
0.564113; /finance/bank|0.563276; /finance/investing/funds|0.559975; /real estate/buying and selling homes|
0.632437; /law, govt and politics/politics|0.581683; /art and entertainment/movies and tv/movies/reviews|0.554608; /society/unrest and war|
0.709479; /science/physics/electromagnetism|0.608529; /science/social science/philosophy|0.562505; /science/social science/sociology|
0.682233; /society/dating|0.664921; /family and parenting/babies and toddlers|0.657348; /family and parenting/babies and toddlers/baby clothes|
1.0; /business and industrial/energy|0.999983; /business and industrial/green solutions|
0.673729; /society/dating|0.627508; /family and parenting/children|0.624753; /art and entertainment/shows and events|
0.691826; /law, govt and politics/government|0.667504; /law, govt and politics/politics/elections|0.666554; /law, govt and politics/politics/elections/presidential elections|
0.802915; /sports/tennis|0.631518; /careers/job fairs|0.613502; /careers/career planning|
0.833433; /society/social institution/divorce|0.646065; /society/dating|0.63568; /family and parenting/babies and toddlers/baby clothes|
0.819427; /law, govt and politics/politics/elections|0.817281; /law, govt and politics/government|0.803305; /law, govt and politics/politics/elections/presidential elections|
0.770257; /sports/tennis|0.701257; /business and industrial|0.675423; /art and entertainment/music/music genres/world music|
0.692153; /sports/tennis|0.64345; /business and industrial|0.628913; /art and entertainment/music/recording industry|
0.703385; /automotive and vehicles/cars/car culture|0.699929; /sports/auto racing/nascar|0.67473; /automotive and vehicles/auto parts|
0.585213; /law, govt and politics/politics|0.555614; /art and entertainment/music/music reference|0.550806; /style and fashion|
0.579745; /law, govt and politics/politics|0.555709; /art and entertainment/music/music reference|0.548304; /style and fashion|
0.646871; /sports/go kart|0.642002; /society/dating|0.593165; /art and entertainment/shows and events|
0.665226; /sports/baseball|0.656559; /sports/auto racing/nascar|0.648782; /automotive and vehicles/auto parts|
0.866424; /law, govt and politics/politics/elections/presidential elections|
0.66522; /law, govt and politics|0.608804; /law, govt and politics/politics|0.591215; /society/unrest and war|
0.721393; /law, govt and politics|0.686068; /law, govt and politics/politics/elections/presidential elections|0.601255; /law, govt and politics/politics/political parties|
0.656945; /law, govt and politics/politics/elections/referendums|0.593765; /law, govt and politics/politics/political parties|0.579688; /art and entertainment/comics and animation/comics|
0.587118; /art and entertainment/comics and animation/comics|0.57571; /law, govt and politics/government|0.553398; /education|
0.944132; /society/racism|
0.780334; /sports/go kart|0.731928; /society/dating|0.695001; /travel/traveling with kids|
0.780334; /sports/go kart|0.731928; /society/dating|0.695001; /travel/traveling with kids|
0.620337; /family and parenting/children|0.60787; /family and parenting/babies and toddlers/baby clothes|0.597821; /society|
0.655748; /society/social institution/divorce|0.636755; /health and fitness/sexuality|0.579511; /style and fashion|
0.537324; /business and industrial/business operations/business plans|0.536588; /art and entertainment|0.5352; /family and parenting/children|
0.99937; /society/racism|
0.573379; /art and entertainment/shows and events|0.560941; /family and parenting/children|0.556247; /style and fashion|
0.674093; /society/social institution/divorce|0.653413; /health and fitness/sexuality|0.596448; /style and fashion|
1.0; /business and industrial/business software|
0.836896; /law, govt and politics/politics/elections/presidential elections|0.760878; /society/unrest and war|0.672487; /law, govt and politics/armed forces|
0.985427; /law, govt and politics/immigration|0.635938; /society/crime/property crime/smuggling|
0.639652; /art and entertainment/comics and animation/comics|0.55371; /sports/tennis|0.543737; /sports/boat racing|
0.55263; /business and industrial/business operations|0.549286; /finance/financial news|0.546652; /business and industrial/business operations/business plans|
0.794335; /society/work/unemployment|0.77297; /family and parenting|0.740381; /law, govt and politics/immigration|
0.671636; /law, govt and politics|0.626459; /automotive and vehicles/vehicle brands|0.596336; /society|
0.950549; /law, govt and politics/espionage and intelligence/terrorism|0.828921; /religion and spirituality/islam/islamic fundamentalism|0.640941; /law, govt and politics/politics|
0.655057; /society/dating|0.6088; /family and parenting/babies and toddlers|0.570568; /family and parenting/babies and toddlers/baby clothes|
0.63157; /religion and spirituality/hinduism|0.581717; /art and entertainment/shows and events|0.560639; /style and fashion/body art|
0.712064; /family and parenting/children|0.660573; /society/social institution/divorce|0.597438; /family and parenting/babies and toddlers/baby clothes|
0.999438; /education/school|0.969306; /education/teaching and classroom resources/school supplies|
0.610327; /society/unrest and war|0.559108; /business and industrial/business operations/business plans|0.553897; /law, govt and politics/politics|
0.649606; /family and parenting/children|0.595792; /society/unrest and war|0.571814; /automotive and vehicles/cars/car culture|
NO_LABEL
0.806786; /religion and spirituality/islam/islamic fundamentalism|0.640684; /law, govt and politics/politics|0.582007; /law, govt and politics/armed forces|
0.963211; /sports/boxing|
0.638358; /health and fitness|0.599679; /family and parenting/children|0.579156; /health and fitness/therapy|
0.661509; /law, govt and politics|0.555996; /society/gay life|0.555945; /law, govt and politics/armed forces|
0.690384; /law, govt and politics|0.579643; /society/unrest and war|0.57179; /law, govt and politics/immigration|
0.999999; /society/crime|
0.967985; /family and parenting/children|
0.997783; /finance/investing/funds/hedge fund|
0.698745; /law, govt and politics|0.652304; /society/unrest and war|0.637745; /family and parenting/children|
0.73771; /society/social institution/divorce|0.644313; /sports/go kart|0.632535; /travel/traveling with kids|
0.999997; /finance/investing/funds/hedge fund|
0.99895; /technology and computing/computer security/network security|
0.896009; /law, govt and politics/government|0.64898; /law, govt and politics/government/legislative|
0.844484; /law, govt and politics/government|0.679542; /society/social institution/divorce|
0.871162; /travel/transports|0.829002; /society/crime/personal offense/assault|0.811765; /travel/transports/sea travel|
0.669569; /society/unrest and war|0.61679; /law, govt and politics|0.601193; /society/dating|
0.74252; /sports/fencing|0.68122; /law, govt and politics/armed forces|0.636178; /society/unrest and war|
0.68895; /law, govt and politics|0.619237; /society/unrest and war|0.61385; /society/crime/personal offense/assault|
0.712383; /law, govt and politics|0.659314; /law, govt and politics/government|0.644214; /law, govt and politics/government/government contracting and procurement|
0.690002; /society/unrest and war|0.658539; /law, govt and politics|0.579824; /law, govt and politics/armed forces|
0.616766; /family and parenting/parenting teens|0.580477; /society/teens|0.578922; /health and fitness/sexuality|
0.712876; /law, govt and politics/politics/elections/referendums|
0.651582; /sports/skateboarding|
0.887098; /travel/transports|0.838959; /travel/transports/sea travel|
0.831012; /travel/transports|0.7675; /travel/transports/sea travel|0.759493; /society/crime/personal offense/assault|
0.558124; /family and parenting/children|0.55203; /business and industrial/business operations/business plans|0.543187; /style and fashion/body art|
0.887098; /travel/transports|0.838959; /travel/transports/sea travel|
0.554656; /sports/volleyball|0.530154; /art and entertainment/movies|0.526516; /business and industrial/advertising and marketing/advertising|
0.618905; /society/crime/personal offense|0.598691; /sports/hunting and shooting|0.579806; /family and parenting/children|
0.726544; /law, govt and politics|0.692373; /technology and computing/internet technology/social network|0.687752; /technology and computing/tech news|
0.612723; /sports/paintball|0.609359; /sports/hunting and shooting/target shooting|0.55733; /business and industrial/metals|
0.547751; /law, govt and politics/government|0.524811; /style and fashion/body art|0.515851; /society/teens|
0.892091; /law, govt and politics/government|0.823186; /law, govt and politics/government/executive branch|0.775574; /law, govt and politics/espionage and intelligence|
0.696317; /law, govt and politics/government/heads of state|0.659526; /society/unrest and war|0.610407; /religion and spirituality/islam|
0.958808; /science/weather/meteorological disaster/tornado|0.898465; /careers/telecommuting|0.533601; /style and fashion/body art|
0.928139; /careers/telecommuting|0.726135; /law, govt and politics|
0.69832; /law, govt and politics/armed forces|0.578123; /religion and spirituality/islam|0.549181; /law, govt and politics/politics|
0.830305; /society/work/unemployment|0.814327; /society/welfare|0.789566; /science|
0.678613; /religion and spirituality/christianity/orthodoxy|0.667486; /family and parenting/children|0.611339; /art and entertainment/shows and events|
0.768534; /style and fashion|0.654942; /style and fashion/clothing/skirts|0.611528; /style and fashion/men 's fashion|
0.933613; /sports/boat racing|0.921712; /automotive and vehicles/auto parts|0.912915; /sports/auto racing/nascar|
0.678613; /religion and spirituality/christianity/orthodoxy|0.667486; /family and parenting/children|0.611339; /art and entertainment/shows and events|
0.678613; /religion and spirituality/christianity/orthodoxy|0.667486; /family and parenting/children|0.611339; /art and entertainment/shows and events|
0.996162; /sports/running and jogging|
0.598068; /technology and computing/hardware/computer components|0.596062; /finance/bank|0.564354; /society/work/unemployment|
0.688679; /society/unrest and war|0.584683; /art and entertainment/shows and events|0.580409; /law, govt and politics/politics/foreign policy|
0.704801; /society/work/unemployment|0.606566; /society/unrest and war|0.577202; /travel/traveling with kids|
0.898747; /law, govt and politics/politics|0.858224; /society/work/unemployment|0.596231; /careers/career planning|
0.609009; /family and parenting/children|0.608399; /art and entertainment/music/music reference|0.583877; /art and entertainment/shows and events|
0.965696; /society/work/unemployment|0.716681; /business and industrial/manufacturing|
0.860208; /society/work/unemployment|0.62743; /law, govt and politics|0.626156; /business and industrial/manufacturing|
0.846358; /law, govt and politics/politics|0.694913; /law, govt and politics/government|0.683641; /society/racism|
0.899939; /law, govt and politics/government|0.779427; /law, govt and politics/politics/elections/presidential elections|0.619033; /society/unrest and war|
0.527713; /law, govt and politics|0.525737; /sports/swimming|0.525307; /society/unrest and war|
0.581368; /religion and spirituality/christianity/orthodoxy|0.55028; /religion and spirituality/christianity/protestantism|0.534703; /sports/cricket|
0.73804; /education|0.710938; /education/studying business|0.627458; /education/homework and study tips|
0.979927; /education/special education|0.864094; /law, govt and politics/government|0.801171; /finance/grants, scholarships and financial aid/government grants|
0.999999; /society/crime|
0.849353; /education/special education|0.73775; /finance/grants, scholarships and financial aid/government grants|0.685491; /society/welfare|
0.82374; /sports/hunting and shooting|
0.994646; /education/special education|0.951572; /education/high school|0.908961; /science/mathematics/algebra|
0.689474; /art and entertainment/comics and animation|0.683652; /art and entertainment/comics and animation/comics|0.583157; /art and entertainment/shows and events|
0.711618; /education/special education|0.660356; /society/racism|0.595113; /education/homework and study tips|
0.750104; /careers/job search|0.657734; /society/work/unemployment|0.567798; /careers/telecommuting|
0.910764; /law, govt and politics/politics/elections/presidential elections|0.749184; /society/welfare/healthcare|0.681607; /society/work/unemployment|
0.999938; /society/crime|
0.592554; /health and fitness|0.563094; /law, govt and politics|0.560447; /health and fitness/disorders/mental disorder/panic and anxiety|
0.707879; /law, govt and politics|0.620915; /law, govt and politics/immigration|0.618648; /society/unrest and war|
0.707879; /law, govt and politics|0.620915; /law, govt and politics/immigration|0.618648; /society/unrest and war|
0.98375; /society/crime|
0.853153; /society/racism|
0.595327; /health and fitness|0.59149; /family and parenting/children|0.578457; /health and fitness/disorders|
0.557177; /style and fashion/body art|0.54369; /family and parenting/babies and toddlers|0.537003; /art and entertainment/shows and events|
0.633854; /health and fitness|0.633524; /health and fitness/disorders|0.629836; /family and parenting/children|
1.0; /society/crime|
0.980242; /education|0.956625; /education/school/private school|0.945065; /education/studying business|
0.923617; /society/work/unemployment|0.628045; /careers/job search|
0.999999; /education|0.999976; /education/studying business|
0.714627; /style and fashion|0.614246; /style and fashion/clothing/skirts|0.59321; /sports/hunting and shooting|
0.584923; /business and industrial/construction|0.584182; /business and industrial/business operations/business plans|0.580886; /shopping|
0.999901; /family and parenting/children|
0.834646; /family and parenting/eldercare|0.662098; /family and parenting/children|
0.77542; /health and fitness/weight loss|0.648246; /sports/wrestling|
0.602925; /technology and computing/software|0.588389; /business and industrial/business software|0.564998; /automotive and vehicles/auto repair|
0.544404; /technology and computing/software|0.538391; /business and industrial/business software|0.530945; /health and fitness/addiction|
0.604257; /society/unrest and war|0.584478; /law, govt and politics/government/state and local government|0.55693; /business and industrial/manufacturing|
0.597814; /law, govt and politics|0.564096; /food and drink|0.546857; /family and parenting|
0.847505; /society/work/unemployment|0.569486; /business and industrial/manufacturing|
0.834655; /society/racism|0.630619; /law, govt and politics|0.582422; /family and parenting|
0.567865; /art and entertainment/movies and tv/movies/reviews|0.516509; /society|0.515101; /style and fashion|
0.573208; /health and fitness|0.553456; /society/unrest and war|0.536123; /education/teaching and classroom resources|
0.573208; /health and fitness|0.553456; /society/unrest and war|0.536123; /education/teaching and classroom resources|
0.573208; /health and fitness|0.553456; /society/unrest and war|0.536123; /education/teaching and classroom resources|
0.560997; /sports/skateboarding|0.534546; /art and entertainment/shows and events/festival|0.51442; /art and entertainment/shows and events/concert|
0.572447; /travel/tourist destinations/france|0.565328; /society/dating|0.540988; /travel/tourist destinations/italy|
0.560997; /sports/skateboarding|0.534546; /art and entertainment/shows and events/festival|0.51442; /art and entertainment/shows and events/concert|
0.565556; /business and industrial/company/bankruptcy|0.526453; /business and industrial/green solutions|0.517303; /business and industrial/energy/natural gas|
1.0; /society/crime|
0.965696; /society/work/unemployment|0.716681; /business and industrial/manufacturing|
1.0; /education|1.0; /education/studying business|
1.0; /education|0.999995; /education/studying business|
0.685003; /law, govt and politics/armed forces|0.616872; /business and industrial/business operations|0.566659; /law, govt and politics/government/government contracting and procurement|
0.771098; /law, govt and politics/armed forces|0.626373; /religion and spirituality/islam|
0.706991; /society/unrest and war|0.696033; /law, govt and politics/armed forces|0.546673; /law, govt and politics/government/government contracting and procurement|
0.648034; /society/unrest and war|0.639693; /law, govt and politics/government/state and local government|0.557483; /religion and spirituality|
0.86377; /law, govt and politics/politics/elections/presidential elections|0.691706; /society/racism|0.651249; /law, govt and politics/government|
0.997924; /style and fashion/accessories/watches|
0.565573; /technology and computing/software|0.55889; /business and industrial/business software|0.549375; /technology and computing/computer reviews|
0.947841; /law, govt and politics/politics/elections/presidential elections|
0.68113; /sports/baseball|0.618162; /sports/basketball|0.596007; /sports/football|
0.682233; /society/dating|0.664921; /family and parenting/babies and toddlers|0.657348; /family and parenting/babies and toddlers/baby clothes|
0.819308; /science|0.696844; /science/weather|0.684837; /society/work/unemployment|
0.934349; /society/work/unemployment|0.640423; /careers/job search|
0.734944; /law, govt and politics/government|0.638174; /law, govt and politics/politics/political parties|0.624322; /law, govt and politics/government/parliament|
0.932553; /society/work/unemployment|0.701975; /sports/tennis|0.620104; /business and industrial/manufacturing|
0.577541; /hobbies and interests/games|0.55818; /sports/bowling|0.556261; /hobbies and interests/home recording|
0.606179; /art and entertainment/shows and events|0.601048; /family and parenting/babies and toddlers/baby clothes|0.585597; /style and fashion/body art|
0.606179; /art and entertainment/shows and events|0.601048; /family and parenting/babies and toddlers/baby clothes|0.585597; /style and fashion/body art|
0.992667; /real estate/buying and selling homes|
0.996993; /health and fitness/disorders/sleep disorders|
0.606179; /art and entertainment/shows and events|0.601048; /family and parenting/babies and toddlers/baby clothes|0.585597; /style and fashion/body art|
0.606179; /art and entertainment/shows and events|0.601048; /family and parenting/babies and toddlers/baby clothes|0.585597; /style and fashion/body art|
0.577541; /hobbies and interests/games|0.55818; /sports/bowling|0.556261; /hobbies and interests/home recording|
0.614233; /society/unrest and war|0.593434; /business and industrial/energy|0.578552; /business and industrial/energy/electricity|
0.629924; /art and entertainment/shows and events|0.586097; /family and parenting/children|0.553286; /health and fitness/incest and abuse support|
0.740736; /society/work/unemployment|0.660053; /finance/investing/day trading|0.633204; /family and parenting/babies and toddlers|
0.628373; /family and parenting/babies and toddlers|0.573413; /family and parenting/children|0.568074; /family and parenting/babies and toddlers/baby food|
0.740427; /finance/investing/day trading|0.665438; /society/unrest and war|0.630945; /law, govt and politics/government/government contracting and procurement|
0.880243; /society/unrest and war|0.864874; /law, govt and politics|0.857591; /law, govt and politics/armed forces|
0.627951; /science|0.58583; /science/geology|0.576913; /society/unrest and war|
0.765519; /sports/scuba diving|0.664393; /business and industrial/business operations|0.644467; /sports/diving|
0.960564; /law, govt and politics/armed forces/air force|0.916669; /travel/transports/air travel/airplanes|0.762874; /business and industrial/business operations|
0.602577; /family and parenting/children|0.60137; /art and entertainment/shows and events|0.578245; /society|
0.856589; /society/unrest and war|0.844273; /law, govt and politics|0.815495; /law, govt and politics/armed forces|
0.937733; /society/unrest and war|0.914209; /law, govt and politics|0.885327; /law, govt and politics/armed forces|
0.718436; /pets/animal welfare|0.573227; /pets/cats|
0.718436; /pets/animal welfare|0.573227; /pets/cats|
0.724194; /science/physics/thermodynamics|0.568717; /technology and computing/internet technology|0.565671; /family and parenting|
1.0; /business and industrial/energy|1.0; /business and industrial/green solutions|
0.865326; /law, govt and politics/government|0.691237; /law, govt and politics/government/executive branch|0.592959; /society/unrest and war|
0.694197; /law, govt and politics|0.634615; /law, govt and politics/government/government contracting and procurement|0.59958; /law, govt and politics/politics|
0.595743; /religion and spirituality/christianity|0.585703; /religion and spirituality/islam|0.549376; /religion and spirituality/christianity/latter-day saints|
0.7959; /society/unrest and war|0.71893; /law, govt and politics/immigration|0.637841; /law, govt and politics/politics|
0.55363; /business and industrial/business operations/management/business process|0.553478; /business and industrial/advertising and marketing|0.542229; /education/teaching and classroom resources/school supplies|
0.571153; /art and entertainment/music/recording industry/music awards|0.534511; /art and entertainment/music/recording industry/record labels|0.53118; /art and entertainment/movies and tv/romantic comedies|
0.735475; /society/dating|0.675514; /society/unrest and war|0.586579; /art and entertainment/shows and events|
0.628241; /art and entertainment/music/music reference|0.619211; /art and entertainment/music/music genres/world music|0.593397; /art and entertainment/shows and events|
0.997924; /style and fashion/accessories/watches|
0.628241; /art and entertainment/music/music reference|0.619211; /art and entertainment/music/music genres/world music|0.593397; /art and entertainment/shows and events|
0.560997; /sports/skateboarding|0.534546; /art and entertainment/shows and events/festival|0.51442; /art and entertainment/shows and events/concert|
0.886576; /business and industrial/company/earnings|0.867133; /society/welfare/healthcare|0.715637; /society/work/unemployment|
0.622523; /science/weather|0.601458; /automotive and vehicles/cars/hybrid|0.591278; /automotive and vehicles/electric vehicles|
1.0; /business and industrial/energy|1.0; /business and industrial/green solutions|
0.885993; /law, govt and politics/politics|0.866812; /society/work/unemployment|0.735473; /science/weather|
0.850928; /finance/investing/day trading|0.71709; /society/unrest and war|0.666664; /law, govt and politics/government/government contracting and procurement|
0.811109; /society/work/unemployment|0.729206; /education/special education|0.617601; /finance/grants, scholarships and financial aid/government grants|
0.663014; /business and industrial/energy|0.610344; /business and industrial/green solutions|0.558951; /business and industrial/business software|
0.86289; /business and industrial/company/bankruptcy|0.795519; /finance/accounting and auditing/tax preparation and planning|0.787585; /finance/investing/funds|
0.86289; /business and industrial/company/bankruptcy|0.795519; /finance/accounting and auditing/tax preparation and planning|0.787585; /finance/investing/funds|
0.833269; /society/work/unemployment|0.827441; /society/welfare/healthcare|0.641289; /finance/investing|
0.629813; /automotive and vehicles/cars|0.613635; /law, govt and politics/government/government contracting and procurement|0.606029; /automotive and vehicles/cars/performance vehicles|
0.649198; /finance/investing/day trading|0.621241; /law, govt and politics|0.598645; /finance/bank|
0.642361; /law, govt and politics/government/government contracting and procurement|0.570915; /automotive and vehicles/cars|0.566517; /automotive and vehicles/cars/performance vehicles|
0.904523; /society/work/unemployment|0.644234; /society/unrest and war|
0.999977; /business and industrial/energy|0.999682; /business and industrial/green solutions|
0.96838; /science/weather|0.943733; /science/weather/meteorological disaster/tornado|0.921129; /science/weather/meteorological disaster/hurricane|
0.677434; /society/unrest and war|0.638811; /law, govt and politics/politics|0.622495; /sports/olympics|
0.721268; /technology and computing/hardware/computer components|0.623441; /technology and computing/hardware/computer|0.614396; /technology and computing/programming languages|
0.608197; /society/unrest and war|0.600737; /art and entertainment/shows and events|0.57266; /education/school|
0.936464; /law, govt and politics/government|0.716106; /law, govt and politics/government/legislative|
0.951971; /science|0.916856; /science/weather|0.843282; /science/weather/meteorological disaster/hurricane|
0.840558; /society/work/unemployment|0.595101; /finance/investing/funds|0.584585; /business and industrial/manufacturing|
0.702158; /health and fitness/drugs|0.635664; /automotive and vehicles/cars/convertible|0.612911; /health and fitness/dental care|
0.709549; /law, govt and politics|0.68592; /society/work/unemployment|0.637618; /education/special education|
0.977867; /law, govt and politics/politics/elections|0.820805; /law, govt and politics/politics/political parties|0.705075; /law, govt and politics/government|
0.961875; /science|0.875568; /science/weather|
0.64173; /family and parenting/children|0.626101; /art and entertainment/shows and events|0.59194; /sports/go kart|
0.678613; /religion and spirituality/christianity/orthodoxy|0.667486; /family and parenting/children|0.611339; /art and entertainment/shows and events|
0.646982; /sports/go kart|0.631049; /art and entertainment/shows and events|0.629536; /family and parenting/children|
0.809816; /finance/investing/day trading|0.656414; /law, govt and politics/politics|0.635046; /law, govt and politics/government/government contracting and procurement|
0.657813; /society/welfare/healthcare|0.608051; /society/work|0.582107; /society/work/unemployment|
0.811613; /finance/investing/day trading|0.799147; /society/unrest and war|0.675657; /law, govt and politics/government/government contracting and procurement|
1.0; /business and industrial/manufacturing|
0.941878; /science/weather|0.905048; /science/weather/meteorological disaster/tornado|0.875549; /science/weather/meteorological disaster/hurricane|
0.571505; /art and entertainment/shows and events|0.567171; /society/unrest and war|0.522336; /law, govt and politics/politics|
0.873779; /law, govt and politics/politics/elections/presidential elections|0.696952; /law, govt and politics/politics/foreign policy|0.691872; /society/welfare/healthcare|
0.649845; /style and fashion|0.599522; /automotive and vehicles/cars/coupe|0.59077; /automotive and vehicles/cars/sedan|
0.837846; /science/mathematics/algebra|0.629117; /science/biology|0.622486; /style and fashion|
0.859344; /science/weather|0.805469; /science/weather/meteorological disaster/tornado|0.757884; /science/weather/meteorological disaster/hurricane|
0.903411; /science/weather|0.85938; /science/weather/meteorological disaster/tornado|0.822633; /science/weather/meteorological disaster/hurricane|
0.664502; /style and fashion|0.604428; /style and fashion/clothing/pants|0.599479; /style and fashion/clothing/skirts|
0.632489; /style and fashion|0.59104; /style and fashion/clothing/pants|0.576771; /art and entertainment/shows and events|
0.703453; /business and industrial/business operations|0.649128; /business and industrial/company|0.608514; /business and industrial/war industry|
1.0; /society/work/unemployment|0.574057; /society/welfare|
0.648695; /law, govt and politics/armed forces|0.577475; /finance/investing|0.577475; /finance/investing/beginning investing|
0.571117; /law, govt and politics/government|0.570584; /finance/investing|0.570584; /finance/investing/beginning investing|
0.612209; /business and industrial/manufacturing|0.604772; /society/welfare/healthcare|0.593165; /society/work|
0.698481; /law, govt and politics/politics/elections/presidential elections|0.631141; /law, govt and politics/armed forces|0.589073; /law, govt and politics/politics/foreign policy|
0.85528; /society/work/unemployment|0.622561; /business and industrial/manufacturing|0.585138; /careers/job search|
0.814533; /society/work/unemployment|0.603742; /business and industrial/manufacturing|0.596404; /education/homework and study tips|
0.682233; /society/dating|0.664921; /family and parenting/babies and toddlers|0.657348; /family and parenting/babies and toddlers/baby clothes|
0.705557; /news/international news|0.635288; /sports/basketball|0.635155; /sports/football|
0.536013; /science/weather/meteorological disaster/flood|0.532886; /travel/business travel|0.532635; /religion and spirituality/hinduism|
0.629362; /science|0.572107; /science/weather|0.56832; /law, govt and politics/armed forces|
0.756738; /finance/bank|0.739693; /finance/financial news|0.710891; /business and industrial/business operations|
0.671156; /society/unrest and war|0.630806; /business and industrial/business operations/business plans|0.627663; /law, govt and politics|
0.876456; /law, govt and politics|0.762323; /law, govt and politics/government/government contracting and procurement|0.713861; /law, govt and politics/government/parliament|
0.61199; /art and entertainment/comics and animation/comics|0.534839; /art and entertainment/shows and events/concert|
0.999828; /education/school|0.980008; /education/teaching and classroom resources/school supplies|
0.656996; /science/mathematics|0.646718; /science/mathematics/algebra|0.61572; /education/teaching and classroom resources/lesson plans|
1.0; /education|0.999996; /education/studying business|
0.977498; /family and parenting/children|0.826703; /religion and spirituality|
0.94175; /family and parenting/children|0.732062; /society/welfare|0.688962; /society/racism|
0.928316; /society/welfare/healthcare|0.72023; /law, govt and politics/immigration|0.656254; /law, govt and politics/armed forces|
0.67087; /science/geology/volcanology/volcanic eruptions|0.645731; /science/weather|0.642068; /science/weather/meteorological disaster/flood|
0.557007; /society/work/unemployment|0.538122; /finance/bank|0.529687; /style and fashion/underwear|
0.795421; /society/work/unemployment|0.705708; /law, govt and politics|0.7018; /law, govt and politics/immigration|
0.936106; /education|0.888364; /education/school/private school|0.886734; /education/studying business|
0.999132; /family and parenting/children|
0.683922; /automotive and vehicles|0.667083; /automotive and vehicles/vehicle brands|0.597492; /automotive and vehicles/trucks and suvs/suvs|
0.620694; /education/teaching and classroom resources|0.597453; /education/studying business|0.567923; /careers/career planning|
0.99397; /family and parenting|0.993291; /family and parenting/children|
0.866826; /family and parenting/children/daycare and preschool|0.628243; /society/welfare|0.598768; /society/welfare/healthcare|
0.657247; /society/welfare/healthcare|0.593608; /family and parenting/children|0.582636; /family and parenting/children/daycare and preschool|
0.631589; /travel/business travel|0.619466; /travel/traveling with kids|0.607683; /family and parenting|
0.526388; /family and parenting/parenting teens|0.525333; /sports/hunting and shooting|0.525116; /style and fashion|
0.952616; /home and garden/bed and bath/bedroom|0.823115; /home and garden/bed and bath/bathroom|0.694469; /home and garden/laundry|
0.698311; /education|0.677181; /science/engineering|0.674282; /education/studying business|
0.840128; /art and entertainment/theatre|0.560143; /art and entertainment/shows and events/classical concert|
0.675671; /art and entertainment/shows and events|0.591281; /society/unrest and war|0.574261; /law, govt and politics|
0.807628; /style and fashion|0.720499; /style and fashion/clothing/skirts|0.684331; /style and fashion/men 's fashion|
0.630224; /automotive and vehicles/cars/car culture|0.57522; /automotive and vehicles/auto parts|0.570516; /automotive and vehicles/cars/performance vehicles|
0.533089; /sports/basketball|0.528676; /hobbies and interests/games|0.52779; /sports/baseball|
0.941153; /home and garden/bed and bath/bedroom|0.811498; /home and garden/bed and bath/bathroom|0.730033; /art and entertainment/visual art and design/design|
0.933885; /home and garden/bed and bath/bedroom|0.802894; /home and garden/bed and bath/bathroom|0.651537; /home and garden/laundry|
0.65402; /sports/cricket|0.585188; /sports/bowling|0.549378; /sports/go kart|
0.914987; /sports/baseball|
0.5899; /art and entertainment/shows and events|0.583293; /law, govt and politics/armed forces|0.575922; /family and parenting/parenting teens|
0.657472; /family and parenting/children|0.590578; /art and entertainment/shows and events|0.587468; /law, govt and politics/politics|
0.71068; /law, govt and politics/armed forces/air force|0.642798; /law, govt and politics/espionage and intelligence/terrorism|0.599024; /travel/transports|
0.71068; /law, govt and politics/armed forces/air force|0.642798; /law, govt and politics/espionage and intelligence/terrorism|0.599024; /travel/transports|
0.71068; /law, govt and politics/armed forces/air force|0.642798; /law, govt and politics/espionage and intelligence/terrorism|0.599024; /travel/transports|
0.588356; /society/social institution/divorce|0.544374; /family and parenting/children|0.537535; /religion and spirituality/christianity/orthodoxy|
0.759599; /real estate/buying and selling homes|
NO_LABEL
0.669581; /law, govt and politics|0.599066; /law, govt and politics/government/government contracting and procurement|0.578142; /law, govt and politics/politics|
0.999998; /business and industrial/advertising and marketing/advertising|0.688212; /business and industrial/advertising and marketing/marketing|
0.705138; /real estate/low income housing|0.663834; /real estate/buying and selling homes|0.647071; /law, govt and politics|
0.577711; /business and industrial/energy/electricity|0.564097; /business and industrial/energy/natural gas|0.546312; /business and industrial/energy/oil/oil and gas prices|
0.661871; /careers/telecommuting|
0.68564; /science/mathematics/arithmetic|0.602036; /art and entertainment/shows and events|0.57463; /style and fashion/body art|
0.68564; /science/mathematics/arithmetic|0.602036; /art and entertainment/shows and events|0.57463; /style and fashion/body art|
0.997249; /technology and computing/computer security/network security|
0.997139; /law, govt and politics/politics|
0.544235; /style and fashion/body art|0.541598; /business and industrial/war industry|0.537479; /automotive and vehicles/cars/car culture|
0.74314; /society/unrest and war|0.639959; /law, govt and politics|0.606491; /family and parenting/children|
0.703978; /society/unrest and war|0.629336; /law, govt and politics|0.618215; /family and parenting/children|
0.739394; /law, govt and politics/politics|0.660565; /society/unrest and war|0.612838; /society/welfare/healthcare|
0.596036; /society/social institution/divorce|0.595486; /family and parenting/children|0.592641; /law, govt and politics|
0.644579; /society/social institution/divorce|0.577482; /family and parenting/children|0.565953; /art and entertainment/shows and events|
0.999999; /law, govt and politics/armed forces/air force|
1.0; /law, govt and politics/armed forces/air force|
0.755868; /home and garden/bed and bath/bedroom|0.613543; /science/physics/electromagnetism|0.612496; /science/engineering|
0.621346; /science/physics/electromagnetism|0.618042; /science/physics/thermodynamics|0.586765; /science/engineering|
0.738368; /religion and spirituality/islam|0.658709; /education/teaching and classroom resources/school supplies|0.656269; /society/unrest and war|
0.761544; /business and industrial/business operations|0.687569; /travel/business travel|0.660967; /law, govt and politics|
0.821516; /religion and spirituality/islam|0.69863; /law, govt and politics/armed forces|0.685943; /education/teaching and classroom resources/school supplies|
0.729201; /law, govt and politics|0.67103; /law, govt and politics/armed forces|0.667277; /law, govt and politics/government/heads of state|
0.801227; /health and fitness/disease|0.770353; /law, govt and politics|0.762556; /health and fitness/disease/epidemic|
0.71068; /law, govt and politics/armed forces/air force|0.642798; /law, govt and politics/espionage and intelligence/terrorism|0.599024; /travel/transports|
0.644028; /sports/go kart|0.615976; /travel/traveling with kids|0.60884; /society/unrest and war|
0.717945; /society/social institution/divorce|0.643269; /family and parenting/babies and toddlers/baby clothes|0.589821; /family and parenting/children|
0.712383; /law, govt and politics|0.659314; /law, govt and politics/government|0.644214; /law, govt and politics/government/government contracting and procurement|
0.717945; /society/social institution/divorce|0.643269; /family and parenting/babies and toddlers/baby clothes|0.589821; /family and parenting/children|
0.710604; /society/social institution/divorce|0.602869; /family and parenting/babies and toddlers/baby clothes|0.5696; /society/dating|
0.818059; /sports/go kart|0.74226; /society/dating|0.67703; /family and parenting/babies and toddlers|
0.814639; /automotive and vehicles/cars|0.708598; /automotive and vehicles/cars/performance vehicles|0.674106; /automotive and vehicles/cars/car culture|
0.900602; /real estate/buying and selling homes|
0.611938; /law, govt and politics/politics|0.561339; /law, govt and politics/politics/foreign policy|0.555047; /society/unrest and war|
0.69172; /society/unrest and war|0.683921; /law, govt and politics/politics|0.631055; /shopping/gifts/party supplies|
0.745329; /hobbies and interests/cigars|0.591637; /art and entertainment/music|
0.627609; /law, govt and politics/government/government contracting and procurement|0.625036; /business and industrial/business operations/business plans|0.585054; /art and entertainment/shows and events|
0.730498; /automotive and vehicles/cars|0.657565; /automotive and vehicles/cars/performance vehicles|0.649005; /automotive and vehicles/cars/car culture|
0.900602; /real estate/buying and selling homes|
0.712383; /law, govt and politics|0.659314; /law, govt and politics/government|0.644214; /law, govt and politics/government/government contracting and procurement|
0.712383; /law, govt and politics|0.659314; /law, govt and politics/government|0.644214; /law, govt and politics/government/government contracting and procurement|
0.972741; /sports/go kart|0.850609; /sports/cricket|
0.900602; /real estate/buying and selling homes|
0.582285; /law, govt and politics/government|0.573003; /education/teaching and classroom resources/school supplies|0.563943; /society/unrest and war|
0.605292; /art and entertainment/shows and events|0.596527; /style and fashion/body art|0.572726; /travel/traveling with kids|
0.590858; /religion and spirituality|0.58434; /law, govt and politics/politics|0.57562; /art and entertainment/movies and tv/movies|
0.566223; /society/unrest and war|0.536489; /travel/transports/sea travel|0.532625; /travel/traveling with kids|
0.638919; /business and industrial/business operations|0.599975; /business and industrial/business operations/business plans|0.587449; /sports/bowling|
0.706214; /sports/bowling|0.661279; /travel/transports|0.607832; /travel/transports/sea travel|
0.768088; /religion and spirituality/islam|0.689882; /law, govt and politics/armed forces|0.660244; /society/unrest and war|
1.0; /law, govt and politics/armed forces/air force|
1.0; /law, govt and politics/armed forces/air force|
0.588507; /family and parenting/children|0.577783; /business and industrial/business operations/business plans|0.541357; /style and fashion|
0.631855; /travel/traveling with kids|0.583209; /society/dating|0.577197; /family and parenting/babies and toddlers|
0.537324; /business and industrial/business operations/business plans|0.536588; /art and entertainment|0.5352; /family and parenting/children|
0.657769; /society/unrest and war|0.643766; /society/work/unemployment|0.640702; /business and industrial/business operations|
0.64693; /law, govt and politics|0.619765; /science/weather|0.606711; /law, govt and politics/government/government contracting and procurement|
0.588419; /finance/financial news|0.569955; /law, govt and politics/government/government contracting and procurement|0.567176; /business and industrial/business operations/business plans|
0.763541; /society/social institution/divorce|0.591838; /society/dating|
0.817521; /society/social institution/divorce|0.63343; /family and parenting/babies and toddlers|0.632029; /society/dating|
0.575367; /law, govt and politics/politics|0.549049; /law, govt and politics/politics/foreign policy|0.5363; /law, govt and politics/armed forces|
0.664553; /family and parenting/babies and toddlers/baby clothes|0.652138; /sports/go kart|0.577457; /family and parenting/children|
0.682233; /society/dating|0.664921; /family and parenting/babies and toddlers|0.657348; /family and parenting/babies and toddlers/baby clothes|
0.631108; /art and entertainment/music|0.552149; /art and entertainment/music/music genres/electronic music|0.547326; /art and entertainment/music/music reference|
0.631108; /art and entertainment/music|0.552149; /art and entertainment/music/music genres/electronic music|0.547326; /art and entertainment/music/music reference|
0.609557; /sports/cricket|0.597741; /sports/bowling|0.552386; /style and fashion|
0.681426; /society/social institution/divorce|0.57676; /law, govt and politics|0.570397; /law, govt and politics/government/government contracting and procurement|
0.681426; /society/social institution/divorce|0.57676; /law, govt and politics|0.570397; /law, govt and politics/government/government contracting and procurement|
0.588874; /business and industrial/business operations/business plans|0.55601; /education/studying business|0.553181; /business and industrial/business operations/management/business process|
0.611042; /finance/financial news|0.582602; /society/unrest and war|0.580773; /business and industrial/business operations/business plans|
0.985805; /law, govt and politics/politics|
0.600543; /business and industrial/business operations/business plans|0.597009; /business and industrial/business operations/management/business process|0.573647; /family and parenting/children|
0.554656; /sports/volleyball|0.530154; /art and entertainment/movies|0.526516; /business and industrial/advertising and marketing/advertising|
0.669581; /law, govt and politics|0.599066; /law, govt and politics/government/government contracting and procurement|0.578142; /law, govt and politics/politics|
0.578168; /health and fitness/disease|0.53057; /health and fitness/therapy|0.519998; /business and industrial/business operations/management|
0.560696; /sports/tennis|0.533934; /health and fitness/men's health|0.523104; /sports/baseball|
0.604126; /family and parenting/babies and toddlers/baby clothes|0.564343; /art and entertainment/shows and events|0.557973; /family and parenting/parenting teens|
0.590421; /society/unrest and war|0.551426; /law, govt and politics/politics|0.537168; /style and fashion|
0.606849; /sports/wrestling|0.549401; /sports/skateboarding|0.541739; /art and entertainment/shows and events|
0.93247; /sports/wrestling|
0.93247; /sports/wrestling|
0.561263; /business and industrial/business operations/business plans|0.555003; /art and entertainment|0.542503; /art and entertainment/shows and events|
0.630023; /society/dating|0.610153; /family and parenting/babies and toddlers/baby clothes|0.586928; /art and entertainment/shows and events|
1.0; /art and entertainment/movies and tv/television|
0.641066; /law, govt and politics|0.586338; /business and industrial/business operations/business plans|0.574246; /careers/telecommuting|
0.560997; /sports/skateboarding|0.534546; /art and entertainment/shows and events/festival|0.51442; /art and entertainment/shows and events/concert|
0.790679; /careers/job search|0.703966; /society/work/unemployment|0.643719; /education/homework and study tips|
0.565556; /business and industrial/company/bankruptcy|0.526453; /business and industrial/green solutions|0.517303; /business and industrial/energy/natural gas|
0.89534; /sports/wrestling|
0.78501; /law, govt and politics|0.776884; /law, govt and politics/politics|0.757014; /society/unrest and war|
0.825702; /society/unrest and war|0.824149; /law, govt and politics/politics|0.635218; /law, govt and politics/government/government contracting and procurement|
0.883207; /society/unrest and war|0.743203; /law, govt and politics/politics|
0.817333; /society/unrest and war|0.690477; /law, govt and politics/politics|0.565798; /society/work|
0.770403; /law, govt and politics/politics|0.748661; /society/unrest and war|0.573932; /religion and spirituality/islam|
0.867145; /society/crime/personal offense/torture|0.703639; /society/unrest and war|0.667663; /law, govt and politics/politics|
0.867145; /society/crime/personal offense/torture|0.703639; /society/unrest and war|0.667663; /law, govt and politics/politics|
0.712383; /law, govt and politics|0.659314; /law, govt and politics/government|0.644214; /law, govt and politics/government/government contracting and procurement|
0.621355; /law, govt and politics|0.607302; /law, govt and politics/government|0.601121; /law, govt and politics/government/government contracting and procurement|
0.562147; /family and parenting/children|0.559406; /family and parenting/parenting teens|0.550457; /science/chemistry|
0.562147; /family and parenting/children|0.559406; /family and parenting/parenting teens|0.550457; /science/chemistry|
0.862217; /home and garden/bed and bath/bedroom|0.780843; /science/physics/thermodynamics|0.675784; /automotive and vehicles/electric vehicles|
1.0; /business and industrial/energy|1.0; /business and industrial/green solutions|
1.0; /business and industrial/energy|1.0; /business and industrial/green solutions|
0.724609; /hobbies and interests/cigars|0.604766; /society/dating|0.579905; /travel/traveling with kids|
0.701822; /hobbies and interests/cigars|0.602673; /society/unrest and war|0.600188; /law, govt and politics/politics|
0.579067; /health and fitness|0.569625; /law, govt and politics|0.553274; /family and parenting/children|
0.631995; /art and entertainment/radio/talk radio|0.628362; /society/crime/drug trafficking|0.569801; /art and entertainment/shows and events|
0.671262; /society/crime/drug trafficking|0.563471; /law, govt and politics/politics|0.561266; /law, govt and politics/politics/foreign policy|
0.6164; /family and parenting/children|0.607689; /law, govt and politics|0.570038; /health and fitness|
0.559166; /sports/skating|0.556483; /sports/skating/roller skating|0.520958; /sports/walking|
0.559166; /sports/skating|0.556483; /sports/skating/roller skating|0.520958; /sports/walking|
0.66477; /sports/go kart|0.599558; /society/dating|0.597257; /art and entertainment/shows and events|
0.816766; /society/unrest and war|0.70576; /law, govt and politics|0.68815; /religion and spirituality/judaism|
0.572713; /society/gay life|0.565484; /pets/large animals|0.555552; /sports/paintball|
0.618961; /family and parenting/parenting teens|0.583169; /art and entertainment/shows and events|0.579398; /society/dating|
0.618961; /family and parenting/parenting teens|0.583169; /art and entertainment/shows and events|0.579398; /society/dating|
0.536308; /family and parenting/children|0.525252; /business and industrial/business operations/business plans|0.524905; /travel/business travel|
0.536308; /family and parenting/children|0.525252; /business and industrial/business operations/business plans|0.524905; /travel/business travel|
0.609598; /law, govt and politics|0.563907; /automotive and vehicles/cars/car culture|0.551154; /law, govt and politics/immigration|
0.682233; /society/dating|0.664921; /family and parenting/babies and toddlers|0.657348; /family and parenting/babies and toddlers/baby clothes|
0.712383; /law, govt and politics|0.659314; /law, govt and politics/government|0.644214; /law, govt and politics/government/government contracting and procurement|
0.682233; /society/dating|0.664921; /family and parenting/babies and toddlers|0.657348; /family and parenting/babies and toddlers/baby clothes|
0.573001; /law, govt and politics|0.556163; /news|0.540621; /news/national news|
0.730337; /style and fashion|0.569123; /art and entertainment|
0.619881; /society|0.570005; /society/dating|0.554091; /art and entertainment/shows and events|
0.562825; /food and drink/food|0.558382; /society|0.557486; /sports/tennis|
0.986023; /law, govt and politics/politics|
0.854828; /law, govt and politics/politics|0.638944; /society/work|0.634593; /law, govt and politics/government|
0.746841; /society/racism|0.729982; /law, govt and politics/politics|0.588203; /society/gay life|
0.816766; /society/unrest and war|0.70576; /law, govt and politics|0.68815; /religion and spirituality/judaism|
0.736161; /law, govt and politics/politics|0.617313; /society|0.614031; /society/racism|
0.607803; /family and parenting/children|0.599209; /family and parenting/parenting teens|0.585141; /art and entertainment/shows and events|
0.658686; /technology and computing/hardware|0.652136; /technology and computing/operating systems|0.641918; /technology and computing/hardware/computer components|
0.74314; /society/unrest and war|0.639959; /law, govt and politics|0.606491; /family and parenting/children|
0.712917; /society/unrest and war|0.572938; /religion and spirituality/christianity/protestantism|
0.74314; /society/unrest and war|0.639959; /law, govt and politics|0.606491; /family and parenting/children|
0.799473; /law, govt and politics/politics|0.660134; /law, govt and politics/immigration|0.611336; /society/unrest and war|
0.689063; /society/welfare/healthcare|0.686703; /society/work/unemployment|0.593941; /finance/investing|
0.999827; /business and industrial|0.996; /business and industrial/business operations/management/business process|0.993975; /education/studying business|
0.614806; /business and industrial|0.607491; /business and industrial/business operations/business plans|0.581702; /finance/financial news|
0.999951; /business and industrial|0.998272; /business and industrial/business operations/management/business process|0.992345; /business and industrial/business news|
0.553267; /hobbies and interests/home recording|0.54106; /art and entertainment|0.536095; /family and parenting|
0.690635; /law, govt and politics|0.627304; /law, govt and politics/government/government contracting and procurement|0.570663; /society/crime/personal offense|
0.573528; /law, govt and politics|0.568962; /law, govt and politics/government/government contracting and procurement|0.565723; /automotive and vehicles/cars|
0.999944; /education/special education|0.994322; /finance/grants, scholarships and financial aid/government grants|
0.660404; /law, govt and politics/politics|0.659843; /religion and spirituality/christianity|0.620724; /religion and spirituality/islam|
0.865638; /business and industrial|0.822142; /finance/financial news|0.734677; /society/work/unemployment|
0.974954; /law, govt and politics/government|0.928085; /law, govt and politics/government/courts and judiciary|
0.578494; /pets|0.578393; /pets/animal welfare|0.522243; /law, govt and politics/government/government contracting and procurement|
0.95894; /science/medicine/veterinary medicine|
0.95894; /science/medicine/veterinary medicine|
0.759476; /pets/animal welfare|0.557651; /pets/cats|
NO_LABEL
0.5461; /news|0.529045; /finance/financial news|0.527615; /business and industrial/business operations|
0.600134; /sports/skiing|0.594003; /business and industrial/war industry|0.563841; /law, govt and politics/government|
0.661416; /pets/animal welfare|0.528821; /art and entertainment/shows and events|
0.560997; /sports/skateboarding|0.534546; /art and entertainment/shows and events/festival|0.51442; /art and entertainment/shows and events/concert|
0.565556; /business and industrial/company/bankruptcy|0.526453; /business and industrial/green solutions|0.517303; /business and industrial/energy/natural gas|
0.6717; /pets/animal welfare|0.575568; /society/welfare/healthcare|0.551712; /pets/cats|
0.86044; /law, govt and politics/government|
0.670052; /style and fashion|0.587562; /art and entertainment/shows and events|0.560696; /style and fashion/clothing/skirts|
0.636546; /style and fashion|0.58025; /style and fashion/clothing/skirts|0.564222; /style and fashion/men 's fashion|
0.793323; /style and fashion|0.638124; /style and fashion/men 's fashion|0.628044; /style and fashion/clothing/skirts|
0.716931; /law, govt and politics|0.663483; /society/crime|0.647178; /sports/hunting and shooting|
0.94931; /pets/large animals|0.832775; /pets/animal welfare|0.768277; /sports/go kart|
0.837083; /travel/transports|0.781638; /travel/transports/sea travel|
0.830196; /travel/transports|0.760501; /travel/transports/sea travel|0.75727; /society/unrest and war|
0.760624; /society/unrest and war|0.719058; /business and industrial/business operations|0.61092; /art and entertainment/shows and events|
0.767615; /law, govt and politics/armed forces|0.765841; /society/unrest and war|0.560077; /family and parenting/children|
0.726268; /society/unrest and war|0.661164; /law, govt and politics|0.636515; /science/medicine/cardiology|
0.934182; /science/weather|0.892145; /science/weather/meteorological disaster/tornado|0.853194; /science/weather/meteorological disaster/hurricane|
0.774733; /travel/transports|0.744981; /sports/hunting and shooting|0.710469; /sports/hunting and shooting/target shooting|
0.880434; /law, govt and politics/government|0.652499; /law, govt and politics/government/legislative|
0.91083; /health and fitness|0.902224; /law, govt and politics/immigration|0.785456; /health and fitness/drugs|
0.858072; /business and industrial/construction|
0.918248; /business and industrial/construction|
0.930955; /business and industrial/construction|
0.707974; /society/work|0.655143; /society/welfare/healthcare|0.631756; /business and industrial/construction|
0.564547; /education/special education|0.538947; /education/teaching and classroom resources/school supplies|0.521297; /education/school|
0.564547; /education/special education|0.538947; /education/teaching and classroom resources/school supplies|0.521297; /education/school|
0.692761; /finance/investing/day trading|0.636469; /business and industrial/manufacturing|0.620152; /finance/investing/beginning investing|
0.596299; /finance/financial news|0.56627; /business and industrial/business operations/business plans|0.565038; /finance/investing|
0.731699; /business and industrial/company/merger and acquisition|0.660118; /real estate/buying and selling homes|0.654079; /business and industrial/company/bankruptcy|
0.624454; /finance/financial news|0.574328; /business and industrial/company/earnings|0.567346; /business and industrial/business operations/business plans|
0.643468; /real estate/buying and selling homes|0.595358; /finance/financial news|0.573219; /finance/investing|
0.599619; /shopping|0.576571; /business and industrial/construction|0.572379; /real estate/buying and selling homes|
0.813928; /business and industrial/construction|0.656464; /automotive and vehicles/road-side assistance|0.63466; /law, govt and politics|
0.782965; /society/work/unemployment|0.62898; /finance/bank|0.572958; /finance/financial news|
0.95581; /health and fitness|0.79748; /health and fitness/drugs|0.780429; /health and fitness/addiction|
0.784582; /business and industrial/company/merger and acquisition|0.624055; /finance/financial news|0.611571; /real estate/buying and selling homes|
0.609557; /sports/cricket|0.597741; /sports/bowling|0.552386; /style and fashion|
0.644622; /law, govt and politics|0.619181; /society|0.572335; /education/teaching and classroom resources|
0.641188; /home and garden/gardening and landscaping/gardening|0.551745; /health and fitness/disease|0.541941; /home and garden/pest control|
0.718106; /sports/go kart|0.635574; /travel/traveling with kids|0.618006; /family and parenting/babies and toddlers|
0.684698; /law, govt and politics|0.638542; /society/crime/personal offense/homicide|0.605791; /family and parenting/children|
0.589204; /health and fitness|0.556253; /law, govt and politics|0.552418; /society/work|
1.0; /automotive and vehicles/vehicle brands/ford|
0.999843; /automotive and vehicles/cars/car culture|0.996463; /automotive and vehicles/auto parts|0.965543; /automotive and vehicles/buying and selling cars|
0.920305; /society/welfare/healthcare|0.818573; /finance/investing/funds|0.782202; /society/work/unemployment|
0.60059; /sports/tennis|0.591833; /sports/basketball|0.583172; /automotive and vehicles/auto parts|
0.621211; /news/international news|0.604007; /family and parenting/children|0.587769; /society|
0.593377; /society|0.591267; /family and parenting/children|0.581841; /family and parenting/babies and toddlers|
0.801862; /law, govt and politics|0.738196; /law, govt and politics/politics/political parties|0.657104; /law, govt and politics/government/parliament|
0.951995; /law, govt and politics/politics/elections/presidential elections|
0.900838; /law, govt and politics/armed forces/air force|0.79235; /business and industrial/business operations|0.730633; /law, govt and politics/armed forces/navy|
0.829493; /business and industrial/construction|0.665312; /business and industrial/logistics/air freight|0.661764; /travel/business travel|
1.0; /automotive and vehicles/cars|0.999961; /automotive and vehicles/cars/performance vehicles|0.998344; /travel/business travel|
0.774886; /travel/transports/air travel/airplanes|0.759202; /law, govt and politics/armed forces/air force|0.643524; /art and entertainment/movies and tv/television|
0.542173; /business and industrial/business operations|0.537053; /society/work/unemployment|0.534207; /style and fashion/clothing|
0.978458; /travel/transports/sea travel|0.922916; /law, govt and politics/armed forces/navy|0.724199; /sports/sailing|
0.856534; /business and industrial/iron and steel industry|0.68639; /business and industrial/construction|0.653564; /science/weather|
0.977772; /business and industrial/iron and steel industry|
0.764927; /society/unrest and war|0.68529; /law, govt and politics/politics|0.624298; /law, govt and politics/government|
0.729334; /science/physics/thermodynamics|0.724133; /automotive and vehicles/electric vehicles|0.607387; /society/unrest and war|
0.954563; /society/work|0.936738; /business and industrial/iron and steel industry|0.864817; /society/work/unions|
0.815689; /science/weather|0.771173; /business and industrial/mining industry|0.745327; /science/weather/meteorological disaster/tornado|
0.997898; /business and industrial|0.978972; /business and industrial/business operations/management/business process|0.965673; /travel/business travel|
0.867621; /business and industrial/mining industry|0.68856; /society/work|
0.583609; /family and parenting/children|0.580936; /health and fitness|0.576485; /law, govt and politics|
0.984372; /society/work|0.87021; /society/work/unions|0.841142; /society/work/unemployment|
0.927226; /business and industrial/iron and steel industry|
0.976241; /sports/boxing|
0.670714; /business and industrial/business operations/business plans|0.645075; /art and entertainment/shows and events|0.612758; /society/unrest and war|
0.717951; /religion and spirituality|0.658243; /religion and spirituality/christianity|0.609464; /law, govt and politics|
0.690749; /law, govt and politics/politics|0.63608; /society/unrest and war|0.586246; /society/work|
0.579751; /society/unrest and war|0.571651; /travel/traveling with kids|0.56854; /society/work/unemployment|
0.894274; /finance/bank|0.787291; /finance/accounting and auditing/tax preparation and planning|0.755089; /finance/investing|
0.771746; /society/work/unemployment|0.729635; /finance/financial news|0.721094; /finance/investing|
0.573513; /society|0.563129; /society/unrest and war|0.557265; /society/dating|
0.562323; /society|0.557676; /family and parenting/parenting teens|0.534547; /society/unrest and war|
0.624836; /sports/go kart|0.623248; /society/dating|0.602073; /family and parenting|
0.551317; /society/gay life|0.527744; /art and entertainment/movies|0.516576; /hobbies and interests/cigars|
0.946794; /society/work/unemployment|0.666713; /business and industrial/manufacturing|
0.987724; /education/special education|0.962429; /education/high school|0.940371; /finance/grants, scholarships and financial aid/government grants|
0.732811; /sports/football|0.669484; /business and industrial/manufacturing|0.637267; /business and industrial/war industry|
0.996518; /law, govt and politics/government/government contracting and procurement|0.83498; /law, govt and politics/politics|
0.627389; /law, govt and politics|0.593973; /society/unrest and war|0.585344; /style and fashion/luxury goods|
0.664299; /law, govt and politics|0.589395; /law, govt and politics/immigration|0.570566; /society|
0.643611; /law, govt and politics|0.633672; /society/unrest and war|0.594182; /law, govt and politics/politics|
0.570509; /business and industrial/advertising and marketing/advertising|0.5404; /society/racism|0.539805; /law, govt and politics/immigration|
0.556401; /family and parenting/babies and toddlers/baby clothes|0.535037; /sports/skateboarding|0.532229; /sports/go kart|
0.560997; /sports/skateboarding|0.534546; /art and entertainment/shows and events/festival|0.51442; /art and entertainment/shows and events/concert|
0.642534; /sports/tennis|0.60938; /sports/football|
