0.560997; /sports/skateboarding|0.534546; /art and entertainment/shows and events/festival|0.51442; /art and entertainment/shows and events/concert|
0.565556; /business and industrial/company/bankruptcy|0.526453; /business and industrial/green solutions|0.517303; /business and industrial/energy/natural gas|
0.953633; /law, govt and politics/politics/elections/presidential elections|0.834474; /law, govt and politics/government|
0.72565; /sports/basketball|
0.909094; /law, govt and politics/politics/elections/presidential elections|0.813849; /law, govt and politics/government|0.640044; /law, govt and politics/politics/political parties|
0.817451; /society/unrest and war|0.8008; /law, govt and politics/politics|0.645701; /business and industrial/business operations/business plans|
0.817451; /society/unrest and war|0.8008; /law, govt and politics/politics|0.645701; /business and industrial/business operations/business plans|
0.848323; /law, govt and politics/government|0.845008; /law, govt and politics/politics/elections/presidential elections|0.595879; /education/special education|
0.609557; /sports/cricket|0.597741; /sports/bowling|0.552386; /style and fashion|
0.609557; /sports/cricket|0.597741; /sports/bowling|0.552386; /style and fashion|
0.738495; /society/unrest and war|0.697716; /law, govt and politics|0.654845; /law, govt and politics/politics/domestic policy|
0.656368; /law, govt and politics|0.59505; /society/unrest and war|0.575743; /law, govt and politics/politics|
0.886121; /law, govt and politics|0.765149; /society/unrest and war|0.65837; /law, govt and politics/politics|
0.740373; /society/unrest and war|0.718527; /law, govt and politics/politics|0.679866; /law, govt and politics/government|
0.947563; /law, govt and politics|0.907734; /law, govt and politics/law enforcement|0.769209; /law, govt and politics/armed forces|
0.669544; /law, govt and politics/politics|0.607613; /society/unrest and war|0.590623; /automotive and vehicles/cars/car culture|
0.73825; /society/unrest and war|0.709481; /law, govt and politics|0.619057; /society/crime/personal offense|
0.953689; /society/crime/personal offense|0.864195; /society/crime/personal offense/human trafficking|0.759512; /law, govt and politics|
0.727375; /society/crime|0.651067; /society/unrest and war|0.600389; /law, govt and politics/politics|
0.631491; /automotive and vehicles/cars/car culture|0.625263; /travel/transports/sea travel|0.602938; /automotive and vehicles/auto parts|
0.951333; /law, govt and politics|0.874317; /law, govt and politics/government/government contracting and procurement|0.780773; /law, govt and politics/politics|
0.98282; /law, govt and politics/government/government contracting and procurement|0.765447; /law, govt and politics/government/parliament|
0.71541; /education/teaching and classroom resources|0.712869; /education/homework and study tips|0.671503; /law, govt and politics/government|
0.597929; /society/crime|0.591412; /law, govt and politics|0.591199; /health and fitness/exercise|
0.59197; /family and parenting|0.587211; /society/racism|0.55027; /family and parenting/children|
0.82943; /law, govt and politics/government|0.814991; /law, govt and politics/politics/elections/presidential elections|0.569694; /law, govt and politics/government/legislative|
0.693702; /family and parenting/babies and toddlers/baby clothes|0.620755; /travel/traveling with kids|0.587725; /society/dating|
0.683816; /law, govt and politics/politics/elections/presidential elections|0.648935; /law, govt and politics/government|0.622076; /law, govt and politics/government/government contracting and procurement|
0.623915; /society/unrest and war|0.59913; /religion and spirituality|0.58687; /law, govt and politics|
0.999915; /society/crime|
0.897294; /society/crime/personal offense/homicide|0.624468; /education/special education|0.598465; /education/high school|
0.974951; /education/special education|0.924846; /finance/grants, scholarships and financial aid/government grants|0.855975; /finance/investing/funds|
0.670729; /law, govt and politics|0.660374; /finance/investing/funds|0.658736; /education/special education|
0.605733; /travel/transports/road travel|0.604591; /travel/transports/sea travel|0.602807; /society|
0.891669; /society/crime/personal offense|0.847264; /society/crime/personal offense/human trafficking|0.742519; /society/crime/personal offense/homicide|
0.771471; /law, govt and politics/armed forces|0.7385; /society/unrest and war|0.711208; /society/crime/personal offense/assault|
0.812308; /law, govt and politics/law enforcement|0.744006; /society/crime|0.640688; /law, govt and politics/law enforcement/police|
0.953543; /law, govt and politics/immigration|0.842268; /society/crime|0.715665; /law, govt and politics/law enforcement|
0.865705; /law, govt and politics/immigration|0.818903; /family and parenting|0.663687; /family and parenting/children|
0.993999; /education/teaching and classroom resources|
0.584991; /art and entertainment/shows and events/concert|0.574432; /science/weather/meteorological disaster/tornado|0.564005; /sports/football|
0.592452; /family and parenting/parenting teens|0.59042; /society/crime/personal offense/homicide|0.577913; /family and parenting/children|
0.628339; /law, govt and politics/armed forces|0.588789; /family and parenting/children|0.561587; /education/alumni and reunions|
0.674234; /sports/wrestling|0.600749; /art and entertainment/shows and events/concert|0.575232; /art and entertainment/celebrity fan and gossip|
0.999897; /law, govt and politics/legal issues/legislation/family laws|0.997991; /law, govt and politics/legal issues/legislation/health care laws|
0.916107; /travel/traveling with kids|
0.683899; /law, govt and politics|0.633889; /law, govt and politics/government|0.626392; /travel/traveling with kids|
NO_LABEL
0.999771; /family and parenting/children|
0.997386; /society/work/unemployment|0.865745; /law, govt and politics/politics|
0.814018; /news/national news|0.757552; /society/racism|0.701525; /family and parenting/children|
0.821105; /society/welfare/healthcare|
0.738671; /society/work/unemployment|0.609881; /law, govt and politics/politics|0.606296; /society/unrest and war|
0.779636; /society/work/unemployment|0.615667; /finance/investing|0.615667; /finance/investing/beginning investing|
0.614928; /society/crime/sexual offence/rape|0.571804; /family and parenting/children|0.557868; /style and fashion/body art|
0.870268; /society/work/unemployment|0.770882; /finance/investing|0.770882; /finance/investing/beginning investing|
0.553443; /business and industrial/business software|0.552006; /art and entertainment/movies and tv/movies|0.546244; /automotive and vehicles/auto repair|
0.992702; /education/special education|0.957106; /finance/grants, scholarships and financial aid/government grants|0.880539; /education/high school|
0.894789; /finance/bank|0.820474; /finance/investing|0.820474; /finance/investing/beginning investing|
0.928399; /art and entertainment/shows and events|0.804944; /art and entertainment/movies and tv/talk shows|0.711395; /art and entertainment/movies and tv/television|
0.834815; /society/welfare/healthcare|0.635481; /society/work/unemployment|0.609901; /health and fitness/nutrition|
0.546878; /technology and computing|0.541683; /law, govt and politics/politics|0.529637; /science/physics/thermodynamics|
0.77878; /science|0.764851; /law, govt and politics|0.668859; /science/weather|
0.537221; /sports/dog sled|0.536595; /law, govt and politics/politics|0.530393; /art and entertainment|
0.756881; /law, govt and politics/armed forces/navy|0.686116; /sports/sailing|0.629356; /society/unrest and war|
0.665589; /finance/investing|0.665589; /finance/investing/beginning investing|0.620906; /finance/financial news|
0.750464; /law, govt and politics/armed forces|0.700142; /society/unrest and war|0.638799; /law, govt and politics/politics/foreign policy|
0.999867; /law, govt and politics/government/embassies and consulates|
0.993021; /law, govt and politics/politics/foreign policy|0.954839; /law, govt and politics/politics/elections/presidential elections|
0.706086; /society/unrest and war|0.576248; /art and entertainment/shows and events|0.575965; /sports/wrestling|
0.768018; /law, govt and politics/government|0.735516; /law, govt and politics/armed forces|0.592342; /law, govt and politics/government/executive branch|
0.686055; /law, govt and politics/politics/elections/presidential elections|0.595271; /science/weather/meteorological disaster|0.588365; /art and entertainment/shows and events|
0.633194; /sports/baseball|0.601962; /careers/job fairs|0.584465; /careers/career planning|
0.87267; /science/geography/cartography|0.7078; /law, govt and politics/armed forces|
0.612844; /law, govt and politics/government/embassies and consulates|0.599455; /law, govt and politics/armed forces|0.587913; /society/unrest and war|
0.836459; /society/unrest and war|0.714036; /religion and spirituality/islam|0.641185; /law, govt and politics|
0.680735; /society|0.671523; /law, govt and politics/armed forces|0.671014; /society/unrest and war|
0.869008; /law, govt and politics/government/heads of state|0.780985; /law, govt and politics/espionage and intelligence/terrorism|0.692795; /law, govt and politics/politics/foreign policy|
0.736941; /society/unrest and war|0.664524; /law, govt and politics/armed forces|0.664215; /religion and spirituality/islam|
0.966803; /law, govt and politics/politics/elections/presidential elections|
0.732638; /law, govt and politics/armed forces|0.651383; /news/international news|0.64874; /religion and spirituality/islam|
0.662008; /society/unrest and war|0.660487; /society/crime/personal offense/homicide|0.597236; /law, govt and politics/armed forces|
0.920869; /society/unrest and war|0.85339; /religion and spirituality/islam|0.802387; /law, govt and politics|
0.786255; /law, govt and politics/armed forces|0.651813; /society/unrest and war|0.639289; /law, govt and politics/politics/foreign policy|
0.90516; /business and industrial/energy/nuclear power|0.785289; /law, govt and politics/armed forces|0.713159; /law, govt and politics/espionage and intelligence/terrorism|
0.770664; /society/unrest and war|0.637862; /law, govt and politics/armed forces|0.615694; /law, govt and politics/politics|
0.867666; /society/unrest and war|0.725857; /finance/bank|0.670322; /finance/investing/funds|
0.783852; /law, govt and politics/armed forces|0.724029; /law, govt and politics/politics/foreign policy|0.64138; /society/unrest and war|
0.911679; /law, govt and politics/politics/elections/presidential elections|0.73801; /law, govt and politics/politics/foreign policy|
0.925394; /society/unrest and war|0.769187; /law, govt and politics|0.674418; /law, govt and politics/politics|
0.72299; /education/homework and study tips|0.672381; /health and fitness|0.669523; /law, govt and politics/politics|
0.779778; /business and industrial/business operations/business plans|0.609531; /finance/financial news|0.58992; /business and industrial/company/earnings|
0.862015; /business and industrial/business operations/business plans|0.644705; /society/unrest and war|0.634288; /business and industrial/construction|
0.644589; /law, govt and politics/politics|0.592525; /law, govt and politics/immigration|0.564426; /society/work|
0.799007; /law, govt and politics|0.793014; /society/unrest and war|0.738855; /law, govt and politics/politics|
0.592392; /society|0.568219; /society/crime/property crime|0.557922; /law, govt and politics|
0.79199; /society/unrest and war|0.707729; /law, govt and politics|0.681417; /law, govt and politics/immigration|
0.843416; /law, govt and politics|0.701703; /law, govt and politics/law enforcement|0.672906; /law, govt and politics/armed forces|
0.7647; /law, govt and politics|0.727559; /society/unrest and war|0.701171; /society/work/unemployment|
0.978049; /society/work/unemployment|0.838903; /law, govt and politics/politics|0.776017; /finance/bank|
0.877573; /law, govt and politics/politics|0.799044; /society/unrest and war|0.727706; /law, govt and politics/government|
0.776955; /law, govt and politics/politics|0.659859; /society/work|0.6238; /law, govt and politics/government/government contracting and procurement|
0.794524; /religion and spirituality/christianity|0.788417; /religion and spirituality/islam|0.717711; /religion and spirituality/christianity/latter-day saints|
0.745518; /society/welfare|0.737527; /society/work|0.734136; /society/work/retirement|
0.5928; /business and industrial/business operations|0.58383; /law, govt and politics|0.580824; /business and industrial/business operations/business plans|
0.61443; /finance/bank/bank account|0.609069; /finance/financial news|0.590228; /finance/investing/funds|
0.847385; /art and entertainment/music/musical instruments/guitars|0.760069; /art and entertainment/music/musical instruments/pianos|
0.904794; /law, govt and politics/politics/elections/presidential elections|
0.712243; /art and entertainment/shows and events|0.611558; /travel/traveling with kids|0.6096; /society/senior living|
0.8508; /technology and computing/internet technology/email|0.665126; /business and industrial/business operations/management/business process|
0.706456; /society/unrest and war|0.652473; /law, govt and politics|0.627143; /law, govt and politics/politics|
0.660467; /society/work|0.645004; /society/work/unemployment|0.602522; /finance/investing/day trading|
0.719813; /health and fitness/women's health|0.714217; /society/sex|0.701958; /health and fitness/sexuality|
0.565005; /art and entertainment/shows and events|0.545511; /art and entertainment/movies and tv/movies|0.541939; /family and parenting/children|
0.550994; /art and entertainment/shows and events|0.538923; /art and entertainment/movies and tv/movies|0.537215; /art and entertainment/movies and tv/movies/reviews|
0.921487; /careers/telecommuting|
0.953517; /art and entertainment/music/singing|
0.988585; /family and parenting/children|0.81616; /family and parenting/motherhood|
0.625959; /society/racism|0.586369; /law, govt and politics/politics|0.579434; /religion and spirituality/islam|
0.981052; /law, govt and politics/law enforcement|0.944097; /law, govt and politics/law enforcement/police|0.787958; /society/crime|
0.684689; /business and industrial/iron and steel industry|0.587814; /sports/baseball|
0.560997; /sports/skateboarding|0.534546; /art and entertainment/shows and events/festival|0.51442; /art and entertainment/shows and events/concert|
0.625959; /society/racism|0.586369; /law, govt and politics/politics|0.579434; /religion and spirituality/islam|
0.873035; /law, govt and politics|0.842596; /law, govt and politics/politics|0.784456; /society/unrest and war|
0.718918; /law, govt and politics/politics/lobbying|0.632684; /society|0.58975; /finance/financial news|
0.615439; /society|
0.997469; /technology and computing/internet technology/email|0.944932; /technology and computing/hardware/computer/servers|
0.759071; /law, govt and politics|0.668189; /law, govt and politics/armed forces|0.665111; /law, govt and politics/espionage and intelligence|
0.969125; /society/crime|
0.999149; /society/crime|
0.999831; /finance/investing/day trading|
0.868053; /law, govt and politics/politics|0.782831; /society/unrest and war|0.68399; /law, govt and politics/politics/political parties|
0.632767; /technology and computing/hardware/computer components|0.585815; /technology and computing/operating systems|0.58219; /business and industrial/business software|
0.559452; /family and parenting/children|0.557117; /business and industrial/business software|0.546493; /automotive and vehicles/auto repair|
0.655144; /law, govt and politics|0.649356; /law, govt and politics/politics/elections/presidential elections|0.563767; /sports/sailing|
0.557353; /society/work|0.53126; /art and entertainment/movies and tv/movies|0.523889; /art and entertainment/movies and tv/action|
0.821064; /society/work/unemployment|0.756042; /law, govt and politics|0.688661; /law, govt and politics/politics|
0.85856; /law, govt and politics/government|0.814731; /law, govt and politics/politics/elections/presidential elections|0.752671; /society/unrest and war|
0.690858; /law, govt and politics/government|0.612248; /law, govt and politics/government/executive branch|
0.603972; /society/unrest and war|0.558688; /society/dating|0.552983; /art and entertainment/shows and events|
0.821033; /law, govt and politics/politics|0.820002; /society/work/unemployment|0.623161; /society/unrest and war|
0.606849; /sports/wrestling|0.549401; /sports/skateboarding|0.541739; /art and entertainment/shows and events|
0.766255; /art and entertainment/comics and animation/comics|0.734543; /society/social institution/divorce|0.609387; /family and parenting/parenting teens|
0.573206; /society/unrest and war|
0.999976; /society/crime|
0.863297; /law, govt and politics/law enforcement|0.76776; /law, govt and politics/law enforcement/police|0.653639; /society/crime|
0.999554; /law, govt and politics/law enforcement|0.791986; /society/crime/personal offense|
0.699735; /science/weather/meteorological disaster/tornado|0.636341; /law, govt and politics/government|0.572057; /sports/hunting and shooting|
0.806344; /law, govt and politics/law enforcement|0.717801; /law, govt and politics/law enforcement/police|0.605699; /society/crime/personal offense/homicide|
0.818359; /law, govt and politics/armed forces|0.737685; /society/unrest and war|0.64371; /sports/hunting and shooting|
0.999693; /law, govt and politics/law enforcement|0.948084; /society/crime/personal offense/assault|
0.830921; /law, govt and politics|0.730763; /law, govt and politics/law enforcement|0.721521; /society/unrest and war|
0.794524; /religion and spirituality/christianity|0.788417; /religion and spirituality/islam|0.717711; /religion and spirituality/christianity/latter-day saints|
0.794524; /religion and spirituality/christianity|0.788417; /religion and spirituality/islam|0.717711; /religion and spirituality/christianity/latter-day saints|
0.996227; /law, govt and politics/law enforcement|0.694063; /society/crime/personal offense|
0.846792; /sports/auto racing/nascar|0.774498; /sports/boat racing|0.738043; /automotive and vehicles/cars/car culture|
0.75345; /law, govt and politics/politics/elections/presidential elections|0.707682; /law, govt and politics/government|0.675212; /law, govt and politics/government/heads of state|
0.798904; /society/unrest and war|0.67829; /law, govt and politics|0.669049; /law, govt and politics/government|
0.747002; /society/unrest and war|0.58849; /law, govt and politics|
1.0; /education|1.0; /education/studying business|
0.949984; /society/work/unemployment|0.720411; /society/unrest and war|
1.0; /society/crime|
0.711919; /society/unrest and war|0.703357; /education/homework and study tips|0.644477; /education/teaching and classroom resources/school supplies|
0.984559; /family and parenting|
0.813817; /family and parenting/children|0.641224; /society/unrest and war|0.627598; /law, govt and politics|
1.0; /family and parenting/children|
0.873903; /law, govt and politics|0.67429; /technology and computing/computer crime|0.651828; /technology and computing/internet technology|
0.703709; /society/unrest and war|0.678473; /sports/rugby|0.668535; /law, govt and politics/armed forces|
0.796752; /religion and spirituality/islam/islamic fundamentalism|0.745124; /society/crime/personal offense|0.720345; /society/crime/sexual offence/rape|
0.996298; /family and parenting/children|
0.595358; /society/dating|0.587066; /family and parenting/children|0.570002; /travel/traveling with kids|
0.821036; /family and parenting|0.665858; /family and parenting/children|
0.670785; /society/unrest and war|0.666134; /law, govt and politics/politics|0.659284; /law, govt and politics/government/heads of state|
0.962756; /religion and spirituality/islam|
0.806811; /food and drink/food/fast food|0.699112; /food and drink/food/salads|0.620951; /society/unrest and war|
0.996762; /religion and spirituality/islam|
0.935275; /law, govt and politics/espionage and intelligence/terrorism|0.776401; /society/gay life|
0.611636; /art and entertainment/shows and events|0.56493; /law, govt and politics|0.560668; /sports/go kart|
0.909528; /law, govt and politics/politics|0.841802; /society/gay life|0.829279; /society/racism|
0.794524; /religion and spirituality/christianity|0.788417; /religion and spirituality/islam|0.717711; /religion and spirituality/christianity/latter-day saints|
0.796513; /law, govt and politics/government|0.771159; /law, govt and politics/politics/elections/presidential elections|0.554007; /law, govt and politics/politics/lobbying|
0.560997; /sports/skateboarding|0.534546; /art and entertainment/shows and events/festival|0.51442; /art and entertainment/shows and events/concert|
0.805647; /law, govt and politics|0.790085; /law, govt and politics/armed forces|0.673883; /law, govt and politics/law enforcement|
0.989518; /law, govt and politics|0.864308; /law, govt and politics/armed forces|
0.63355; /art and entertainment/movies|0.625893; /art and entertainment/movies and tv/movies/reviews|0.596671; /art and entertainment/movies/film festivals and awards|
0.842378; /society/unrest and war|0.836133; /law, govt and politics/armed forces|0.799272; /law, govt and politics/politics/foreign policy|
0.776307; /religion and spirituality/islam|0.775908; /religion and spirituality/islam/islamic fundamentalism|0.770588; /society/unrest and war|
0.714753; /careers/job fairs|0.668277; /careers/career planning|0.605543; /automotive and vehicles/auto parts|
0.650232; /automotive and vehicles/auto parts|0.610453; /automotive and vehicles/cars/car culture|0.592429; /sports/boat racing|
0.974072; /religion and spirituality/judaism|
0.712635; /law, govt and politics/armed forces|0.68375; /society/unrest and war|0.679899; /law, govt and politics/armed forces/air force|
0.695745; /law, govt and politics|0.636952; /finance/financial news|0.633274; /society/work|
0.718238; /business and industrial/energy/electricity|0.632261; /business and industrial/green solutions|0.630141; /business and industrial/energy/renewable energy|
0.838045; /law, govt and politics/armed forces|0.829856; /law, govt and politics/armed forces/air force|0.650878; /society/unrest and war|
0.567963; /style and fashion/body art|0.540461; /science/mathematics/arithmetic|0.527266; /science/mathematics/geometry|
0.999996; /law, govt and politics/espionage and intelligence/terrorism|0.999996; /law, govt and politics/immigration|0.487411; /law, govt and politics/armed forces|
0.740189; /law, govt and politics|0.627822; /society/unrest and war|0.617555; /law, govt and politics/immigration|
0.749096; /law, govt and politics/politics|0.620225; /society/unrest and war|0.598787; /society/work|
0.67562; /art and entertainment/movies and tv/movies/reviews|0.650443; /family and parenting/parenting teens|0.572784; /art and entertainment/shows and events|
0.768293; /law, govt and politics/immigration|0.715073; /law, govt and politics/armed forces|0.607932; /law, govt and politics/government|
0.628957; /law, govt and politics/immigration|0.581291; /technology and computing/hardware/computer/portable computer/laptop|0.564991; /technology and computing/hardware/computer peripherals/computer monitors|
0.697328; /health and fitness/disorders/mental disorder/panic and anxiety|0.694341; /education/homework and study tips|0.662715; /society|
0.85965; /society/racism|0.679804; /law, govt and politics/politics|0.669714; /society/unrest and war|
0.99999; /law, govt and politics/immigration|0.999982; /society/work/unemployment|0.539009; /society/welfare|
1.0; /law, govt and politics/immigration|
0.686073; /law, govt and politics/immigration|0.585108; /family and parenting/children|0.534956; /society/crime/personal offense/homicide|
0.766094; /society/unrest and war|0.722015; /law, govt and politics/government|0.65169; /law, govt and politics/politics|
0.895653; /family and parenting/children|0.688296; /society/social institution/divorce|0.648266; /society/unrest and war|
0.850817; /hobbies and interests/games/board games and puzzles|
0.941043; /family and parenting|0.796247; /family and parenting/children|0.708193; /law, govt and politics|
0.935175; /society/unrest and war|0.852819; /law, govt and politics|0.715883; /law, govt and politics/politics|
0.990651; /health and fitness/disease/chronic pain|
0.794524; /religion and spirituality/christianity|0.788417; /religion and spirituality/islam|0.717711; /religion and spirituality/christianity/latter-day saints|
0.62729; /sports/martial arts|0.57855; /sports/boxing|0.56083; /sports/martial arts/judo|
0.580693; /pets/large animals|0.559563; /pets/animal welfare|0.535733; /family and parenting/babies and toddlers|
0.997087; /family and parenting/children|
0.623061; /pets/large animals|0.595515; /society/unrest and war|0.582784; /travel/traveling with kids|
0.705101; /society/unrest and war|0.670961; /law, govt and politics/immigration|0.574176; /law, govt and politics/armed forces/marines|
0.921232; /family and parenting|0.776235; /education/teaching and classroom resources/school supplies|0.758951; /family and parenting/children|
0.633126; /automotive and vehicles/cars/sedan|0.558832; /style and fashion/body art|0.558614; /family and parenting/children|
0.669985; /law, govt and politics|0.639374; /law, govt and politics/politics/political parties|0.632285; /law, govt and politics/politics/elections|
0.825493; /health and fitness|0.791759; /society/crime/drug trafficking|0.778008; /law, govt and politics/immigration|
0.861275; /law, govt and politics/immigration|0.744476; /society/crime/property crime/smuggling|0.718482; /law, govt and politics/law enforcement|
0.999628; /law, govt and politics/immigration|
0.744298; /law, govt and politics|0.651447; /law, govt and politics/law enforcement|0.611429; /society/crime|
1.0; /society/crime/property crime/smuggling|
0.847078; /society/crime/property crime/smuggling|0.710519; /law, govt and politics|0.703813; /society/crime/sexual offence/prostitution|
0.666714; /art and entertainment/shows and events|0.654587; /travel/traveling with kids|0.605723; /family and parenting/parenting teens|
0.794524; /religion and spirituality/christianity|0.788417; /religion and spirituality/islam|0.717711; /religion and spirituality/christianity/latter-day saints|
0.875863; /society/unrest and war|
0.909905; /law, govt and politics|0.894805; /law, govt and politics/immigration|
0.999997; /law, govt and politics/immigration|
0.841759; /law, govt and politics|0.762945; /law, govt and politics/government|0.693525; /society/unrest and war|
0.729945; /society/social institution/divorce|0.595478; /family and parenting/babies and toddlers|0.588553; /society/dating|
0.711559; /religion and spirituality/buddhism|0.698501; /law, govt and politics|0.649131; /law, govt and politics/politics|
0.72565; /sports/basketball|
0.72565; /sports/basketball|
0.72565; /sports/basketball|
0.97354; /law, govt and politics/immigration|0.798971; /law, govt and politics/politics/elections/presidential elections|0.725566; /society/welfare/healthcare|
1.0; /law, govt and politics/immigration|
NO_LABEL
0.688356; /education/teaching and classroom resources|0.656056; /education/teaching and classroom resources/school supplies|0.629232; /society/work/unemployment|
0.99999; /law, govt and politics/immigration|
0.916239; /society/work/unemployment|0.713368; /law, govt and politics/immigration|0.678708; /society/welfare|
0.977195; /society/work|0.891445; /society/work/unions|
0.851214; /society/work/unemployment|0.673712; /law, govt and politics|0.587401; /law, govt and politics/immigration|
0.816766; /society/unrest and war|0.70576; /law, govt and politics|0.68815; /religion and spirituality/judaism|
0.757316; /law, govt and politics/government|0.749008; /law, govt and politics/politics/elections/presidential elections|0.718929; /technology and computing/internet technology/email|
0.932489; /business and industrial|0.861538; /business and industrial/business operations/management/business process|0.858393; /finance/financial news|
0.891005; /business and industrial|0.744557; /business and industrial/business operations|0.70621; /finance/financial news|
0.622; /business and industrial/manufacturing|0.563526; /society/work/unemployment|0.559532; /law, govt and politics/government|
0.775831; /society/work/unemployment|0.735049; /law, govt and politics/politics|0.616785; /society/welfare/healthcare|
0.759392; /law, govt and politics|0.676945; /society/unrest and war|0.640979; /law, govt and politics/immigration|
0.712243; /art and entertainment/shows and events|0.611558; /travel/traveling with kids|0.6096; /society/senior living|
0.709368; /society/work|0.659345; /society/work/unemployment|0.633002; /business and industrial/business operations/business plans|
0.599241; /travel/traveling with kids|0.585035; /art and entertainment/shows and events|0.575781; /family and parenting/babies and toddlers|
0.671777; /law, govt and politics/politics|0.647212; /society/work/unemployment|0.635216; /society/unrest and war|
0.665645; /law, govt and politics/politics|0.633084; /business and industrial/agriculture and forestry/agriculture|0.596859; /business and industrial/war industry|
0.796272; /finance/investing/day trading|0.652194; /society/unrest and war|0.618326; /law, govt and politics/politics|
0.725444; /law, govt and politics/politics/elections/presidential elections|0.673715; /law, govt and politics/armed forces|0.610762; /law, govt and politics/government|
0.685699; /law, govt and politics|0.670075; /law, govt and politics/government|0.604936; /business and industrial/manufacturing|
0.561619; /art and entertainment/shows and events|0.555076; /hobbies and interests/games|0.550628; /society/dating|
0.911257; /society/work|0.803453; /law, govt and politics/politics|0.71317; /society/work/unemployment|
0.845433; /finance/investing/day trading|0.629383; /style and fashion/luxury goods|0.617791; /finance/financial news|
0.665865; /law, govt and politics/immigration|0.55497; /society/unrest and war|0.540769; /law, govt and politics/politics|
0.665865; /law, govt and politics/immigration|0.55497; /society/unrest and war|0.540769; /law, govt and politics/politics|
0.706738; /education/homework and study tips|0.688371; /law, govt and politics|0.667436; /family and parenting/children|
0.686351; /finance/bank/bank account|0.681234; /finance/financial news|0.672738; /real estate/buying and selling homes|
0.840501; /law, govt and politics|0.786085; /finance/investing/day trading|0.723984; /law, govt and politics/law enforcement|
0.991373; /society/crime/property crime/larceny|
0.667222; /careers/job fairs|0.648208; /careers/career planning|0.637453; /society/unrest and war|
0.761815; /finance/bank|0.590634; /finance/investing/stocks|
0.615831; /law, govt and politics/politics|0.611723; /law, govt and politics/government/government contracting and procurement|0.609328; /society/unrest and war|
0.695909; /business and industrial/company/merger and acquisition|0.601215; /real estate/buying and selling homes|0.572849; /society/work|
0.688366; /law, govt and politics|0.678756; /sports/go kart|0.676725; /business and industrial/construction|
0.998412; /business and industrial/energy|0.99185; /business and industrial/green solutions|
0.93864; /law, govt and politics/politics/elections/presidential elections|0.871391; /law, govt and politics/government|0.609115; /society/work/unemployment|
0.93864; /law, govt and politics/politics/elections/presidential elections|0.871391; /law, govt and politics/government|0.609115; /society/work/unemployment|
0.73922; /society/work/unemployment|0.66137; /business and industrial|0.619872; /finance/financial news|
0.60653; /society/dating|0.582358; /family and parenting/babies and toddlers|0.544669; /family and parenting/children|
0.749287; /news/international news|0.711254; /society/unrest and war|0.700894; /law, govt and politics/politics|
0.917248; /society/work/unemployment|0.838023; /business and industrial/company/earnings|0.710418; /finance/investing|
0.604322; /society/social institution/divorce|0.592798; /religion and spirituality/christianity|0.554945; /family and parenting/babies and toddlers/baby clothes|
0.74779; /finance/financial news|0.734972; /art and entertainment/comics and animation/comics|0.599014; /law, govt and politics|
0.877237; /finance/bank|0.801368; /finance/financial news|0.749919; /finance/investing|
0.999999; /business and industrial/energy|0.999962; /business and industrial/green solutions|
0.78786; /finance/bank|0.71081; /finance/investing|0.71081; /finance/investing/beginning investing|
0.84573; /society/work|0.747063; /society/work/unions|0.736331; /business and industrial/iron and steel industry|
0.906794; /society/work|0.847556; /society/work/unions|0.840431; /business and industrial/iron and steel industry|
0.811823; /finance/bank|0.734569; /society/work/unemployment|0.682487; /finance/investing/funds|
0.730558; /business and industrial/construction|0.648853; /travel/business travel|0.626402; /automotive and vehicles/road-side assistance|
0.909349; /society/work/unemployment|0.644896; /business and industrial/manufacturing|
0.995913; /family and parenting|0.915378; /education/school|
0.999437; /family and parenting/children|
0.718419; /art and entertainment/shows and events|0.693309; /style and fashion/body art|0.656268; /society/dating|
0.703618; /art and entertainment/shows and events|0.652494; /style and fashion/body art|0.609509; /society|
0.835305; /law, govt and politics/government|0.69491; /health and fitness/drugs|
0.582396; /education|0.570928; /education/studying business|0.564144; /education/homework and study tips|
0.631266; /automotive and vehicles/vehicle rental|0.57366; /law, govt and politics/law enforcement|0.56902; /travel/business travel|
0.948862; /science|0.874042; /science/weather|0.741119; /science/weather/meteorological disaster/flood|
0.688281; /education/homework and study tips|0.685177; /family and parenting/children|0.661904; /education/studying business|
0.729724; /business and industrial/business software|
0.818846; /law, govt and politics|0.766851; /society/unrest and war|0.67675; /law, govt and politics/armed forces|
0.666524; /society/unrest and war|0.617664; /society/senior living|0.611393; /family and parenting/children|
0.821603; /business and industrial/business operations/business plans|0.675632; /society/unrest and war|0.669375; /law, govt and politics|
0.642351; /society/unrest and war|0.613911; /law, govt and politics|0.608414; /travel/transports/sea travel|
0.696392; /sports/cricket|0.633415; /sports/bowling|0.623399; /sports/martial arts|
0.608103; /technology and computing/tech news|0.60158; /art and entertainment/shows and events|0.562179; /society/dating|
0.652962; /law, govt and politics/government/executive branch|0.582569; /education/teaching and classroom resources|0.561427; /society/work/unemployment|
0.754027; /law, govt and politics|0.679168; /law, govt and politics/politics/political parties|0.589952; /society/unrest and war|
0.986776; /law, govt and politics/government|0.920923; /law, govt and politics/government/courts and judiciary|
0.9022; /law, govt and politics/government/courts and judiciary|0.639924; /law, govt and politics/government/executive branch|0.636373; /law, govt and politics/government/legislative|
0.661102; /business and industrial/agriculture and forestry/agriculture|0.636073; /style and fashion/luxury goods|0.566276; /law, govt and politics/politics|
0.982795; /law, govt and politics/politics/elections|0.841095; /law, govt and politics/politics/political parties|0.766141; /law, govt and politics/government|
0.847205; /law, govt and politics/government|0.608081; /society/social institution/divorce|
0.736352; /law, govt and politics|0.728949; /law, govt and politics/government|0.698631; /sports/hunting and shooting/target shooting|
0.631355; /religion and spirituality/christianity/protestantism|0.535568; /religion and spirituality/christianity/catholicism|0.533706; /religion and spirituality/christianity/orthodoxy|
0.577193; /law, govt and politics|0.555284; /society/unrest and war|0.553046; /society/teens|
0.589724; /religion and spirituality/atheism and agnosticism|0.547978; /art and entertainment/shows and events|0.547597; /news|
0.68564; /science/mathematics/arithmetic|0.602036; /art and entertainment/shows and events|0.57463; /style and fashion/body art|
0.68564; /science/mathematics/arithmetic|0.602036; /art and entertainment/shows and events|0.57463; /style and fashion/body art|
0.815895; /law, govt and politics|0.753164; /law, govt and politics/politics|0.667794; /religion and spirituality/christianity/catholicism|
0.757149; /law, govt and politics/government|0.723646; /law, govt and politics/politics/lobbying|0.656444; /society/gay life|
0.580283; /art and entertainment/movies and tv/animated|0.570041; /art and entertainment/comics and animation/cartoons|0.548071; /art and entertainment/radio|
0.976001; /education/english as a second language|
0.700292; /law, govt and politics/politics|0.695021; /society/unrest and war|0.616862; /art and entertainment/shows and events|
0.622363; /sports/boat racing|0.615091; /style and fashion/body art|0.614389; /travel/traveling with kids|
0.653175; /art and entertainment/shows and events|0.550084; /law, govt and politics/politics|0.546984; /art and entertainment/movies and tv/talk shows|
0.620612; /society/social institution/divorce|0.594185; /real estate|
0.620206; /real estate|
0.619975; /society/dating|0.603179; /family and parenting/parenting teens|0.575635; /real estate|
0.575003; /art and entertainment/shows and events|0.550745; /art and entertainment/movies and tv/movies|0.534174; /family and parenting/children|
0.74342; /family and parenting/children|0.663926; /society/social institution/divorce|0.628418; /careers/telecommuting|
0.631939; /society/work|0.620367; /business and industrial/company|0.609711; /business and industrial/construction|
0.685853; /health and fitness/sexuality|0.643654; /society/social institution/divorce|0.591379; /society/gay life|
0.572882; /society/social institution/divorce|0.530834; /travel/business travel|0.525376; /travel/traveling with kids|
0.803896; /science/weather|0.761105; /science/weather/meteorological disaster/tornado|
0.753479; /family and parenting/children|0.658233; /family and parenting/babies and toddlers|0.624971; /society/dating|
0.620623; /art and entertainment/comics and animation/comics|0.59457; /society/unrest and war|0.594313; /law, govt and politics/government/courts and judiciary|
0.600868; /travel/transports/sea travel|0.5785; /society/unrest and war|0.542853; /law, govt and politics|
0.745629; /society/social institution/divorce|0.648854; /travel/traveling with kids|0.596604; /society/social institution/marriage|
0.999996; /business and industrial|0.99967; /business and industrial/business operations/management/business process|0.998002; /business and industrial/business news|
0.612973; /business and industrial/business operations|0.578981; /style and fashion/footwear/shoes|0.571667; /family and parenting|
0.757682; /society/unrest and war|0.633528; /law, govt and politics|0.604206; /sports/cricket|
0.70282; /automotive and vehicles/auto parts|0.693632; /sports/go kart|0.68929; /sports/tennis|
0.821303; /law, govt and politics|0.820982; /law, govt and politics/politics|0.655745; /law, govt and politics/politics/political parties|
0.682575; /religion and spirituality|0.664878; /law, govt and politics/politics|0.641491; /religion and spirituality/christianity|
0.660355; /art and entertainment/shows and events|0.643632; /law, govt and politics|0.61985; /society|
0.558438; /sports/handball|0.552292; /sports/go kart|0.538484; /sports/bowling|
0.693293; /law, govt and politics|0.688227; /health and fitness|0.62708; /health and fitness/disorders/mental disorder/panic and anxiety|
0.932347; /sports/wrestling|0.834293; /sports/tennis|
0.655864; /art and entertainment/shows and events|0.638654; /society/dating|0.6287; /sports/go kart|
0.655864; /art and entertainment/shows and events|0.638654; /society/dating|0.6287; /sports/go kart|
0.69577; /health and fitness/sexuality|0.678688; /society/social institution/divorce|0.599797; /society/sex|
0.69577; /health and fitness/sexuality|0.678688; /society/social institution/divorce|0.599797; /society/sex|
0.69577; /health and fitness/sexuality|0.678688; /society/social institution/divorce|0.599797; /society/sex|
0.756435; /law, govt and politics|0.721606; /law, govt and politics/politics|0.681809; /business and industrial/advertising and marketing/advertising|
0.67815; /religion and spirituality/christianity|0.639726; /religion and spirituality/islam|0.624392; /law, govt and politics/politics|
0.722583; /business and industrial|0.679024; /business and industrial/business operations|0.662664; /travel/business travel|
0.69357; /art and entertainment/shows and events|0.60849; /art and entertainment/movies and tv/movies/reviews|0.606135; /art and entertainment/movies and tv/television|
0.627882; /law, govt and politics/politics|0.609764; /society/unrest and war|0.5998; /art and entertainment/shows and events|
0.760291; /sports/wrestling|0.650171; /law, govt and politics/politics/domestic policy|0.622654; /law, govt and politics/government|
0.977507; /sports/wrestling|
0.621325; /law, govt and politics|0.619724; /society/unrest and war|0.600582; /law, govt and politics/government|
0.563089; /art and entertainment/movies|0.556289; /art and entertainment/shows and events/concert|0.553594; /society/sex|
0.61055; /education/homework and study tips|0.590817; /family and parenting/children|0.562487; /law, govt and politics/government|
0.573945; /law, govt and politics|0.568467; /society/sex|0.567875; /society/unrest and war|
0.953517; /art and entertainment/music/singing|
0.999996; /family and parenting/children|
0.807097; /society/unrest and war|0.703184; /law, govt and politics/immigration|0.635739; /education/teaching and classroom resources/school supplies|
0.605367; /law, govt and politics|0.60525; /law, govt and politics/immigration|0.545368; /society|
0.664299; /law, govt and politics|0.589395; /law, govt and politics/immigration|0.570566; /society|
0.570509; /business and industrial/advertising and marketing/advertising|0.5404; /society/racism|0.539805; /law, govt and politics/immigration|
0.551877; /art and entertainment/shows and events|0.551539; /art and entertainment/shows and events/concert|0.538993; /art and entertainment/shows and events/classical concert|
0.69577; /health and fitness/sexuality|0.678688; /society/social institution/divorce|0.599797; /society/sex|
