0.565648; /business and industrial/company/bankruptcy|0.535567; /business and industrial/green solutions|0.518603; /business and industrial/energy/natural gas|
0.697037; /law, govt and politics/government|0.610756; /law, govt and politics/armed forces|0.576103; /business and industrial|
0.720666; /society/social institution/divorce|0.632953; /society/social institution/marriage|0.587992; /art and entertainment/shows and events|
0.751876; /law, govt and politics/government|0.638047; /society/crime|0.627026; /law, govt and politics/politics/elections/presidential elections|
0.913511; /law, govt and politics/politics/elections|0.90419; /law, govt and politics/government|0.861379; /law, govt and politics/politics/elections/presidential elections|
0.699777; /society/crime|0.578679; /society/crime/personal offense|0.57757; /law, govt and politics|
0.570754; /news|0.564503; /business and industrial/business news|0.552792; /news/local news|
0.570486; /society/social institution/divorce|0.548599; /art and entertainment/shows and events|0.529167; /art and entertainment/music/music genres|
0.572081; /education/studying business|0.545695; /law, govt and politics|0.533704; /family and parenting/children|
0.599957; /law, govt and politics/government|0.536912; /law, govt and politics/government/legislative|0.53408; /family and parenting/parenting teens|
0.715767; /art and entertainment/movies and tv/movies|0.715093; /art and entertainment/movies and tv/movies/reviews|0.685512; /hobbies and interests/home recording|
0.959165; /law, govt and politics/government|0.922756; /law, govt and politics/politics/elections/presidential elections|0.672096; /society/unrest and war|
0.78325; /law, govt and politics/government|0.774326; /law, govt and politics/politics/elections|0.764237; /law, govt and politics/politics/elections/presidential elections|
0.669803; /society/unrest and war|0.569592; /art and entertainment/shows and events|0.561585; /family and parenting/babies and toddlers|
0.860687; /law, govt and politics/government|0.860254; /law, govt and politics/politics/elections|0.839389; /law, govt and politics/politics/elections/presidential elections|
0.542855; /hobbies and interests/games|0.523781; /business and industrial/company|0.518528; /society/senior living|
0.763489; /business and industrial/agriculture and forestry/farms and ranches|0.693511; /law, govt and politics/government|0.661162; /law, govt and politics/government/parliament|
0.687958; /law, govt and politics/politics/political parties|0.679822; /law, govt and politics/politics/elections/referendums|0.609249; /law, govt and politics/politics/elections/presidential elections|
0.592337; /hobbies and interests/games|0.59203; /hobbies and interests/home recording|0.552243; /sports/bowling|
0.799982; /society/unrest and war|0.627131; /travel/transports/road travel/road accident|0.610419; /law, govt and politics/politics|
0.799982; /society/unrest and war|0.627131; /travel/transports/road travel/road accident|0.610419; /law, govt and politics/politics|
0.636605; /technology and computing/consumer electronics/audio equipment/stereo systems and components|0.589927; /technology and computing/consumer electronics/audio equipment/speakers|0.589881; /technology and computing/mp3 and midi|
0.725661; /law, govt and politics/government|0.683622; /law, govt and politics/government/parliament|0.625272; /law, govt and politics/government/legislative|
0.905312; /business and industrial/agriculture and forestry/agriculture|0.900921; /business and industrial/agriculture and forestry/crops and seed|0.817401; /business and industrial/agriculture and forestry/farms and ranches|
0.783189; /law, govt and politics/government|0.605219; /law, govt and politics/government/legislative|0.558017; /society/unrest and war|
0.586126; /society/dating|0.570976; /art and entertainment/shows and events|0.542019; /automotive and vehicles/auto parts|
0.633599; /sports/climbing|0.549192; /society/unrest and war|0.539132; /style and fashion|
0.5782; /family and parenting/parenting teens|0.56895; /society/teens|0.561995; /art and entertainment/shows and events|
0.588314; /hobbies and interests/home recording|0.572237; /art and entertainment/movies and tv/movies/reviews|0.523323; /hobbies and interests/getting published|
0.982942; /education/special education|0.899543; /finance/grants, scholarships and financial aid/government grants|0.895556; /law, govt and politics/government/government contracting and procurement|
0.668033; /art and entertainment/movies and tv/comedies|0.610289; /art and entertainment/humor|
0.580498; /art and entertainment/shows and events|0.559526; /art and entertainment/movies and tv/movies|0.55208; /family and parenting/children|
0.807555; /business and industrial/construction|0.731279; /society/dating|0.665955; /sports/go kart|
0.580843; /art and entertainment/movies and tv/movies/reviews|0.560129; /family and parenting|0.558684; /art and entertainment/shows and events|
0.943098; /law, govt and politics/government|0.889314; /law, govt and politics/politics/elections/presidential elections|0.613566; /society/unrest and war|
0.891826; /law, govt and politics/government|0.869589; /law, govt and politics/politics/elections|0.865409; /law, govt and politics/politics/elections/presidential elections|
0.866173; /law, govt and politics/politics/elections|0.825433; /law, govt and politics/government|0.767066; /law, govt and politics/politics/elections/presidential elections|
0.806605; /art and entertainment/radio/talk radio|
0.580498; /art and entertainment/shows and events|0.559526; /art and entertainment/movies and tv/movies|0.55208; /family and parenting/children|
0.572233; /society/sex|0.565199; /law, govt and politics|0.54978; /society/social institution/divorce|
0.764173; /business and industrial/construction|0.591719; /business and industrial/business operations/business plans|
0.649341; /real estate/architects|0.590097; /home and garden/bed and bath/bedroom|0.56444; /home and garden/home improvement and repair/roofing|
0.839002; /business and industrial/construction|0.634967; /home and garden/bed and bath/bedroom|
0.733559; /business and industrial/construction|0.621078; /business and industrial/business operations|0.600422; /health and fitness/exercise|
0.907028; /business and industrial/construction|
0.798474; /business and industrial/construction|
0.589669; /business and industrial/business operations/business plans|0.587021; /law, govt and politics|0.583426; /education/teaching and classroom resources/school supplies|
0.766465; /business and industrial/construction|0.626377; /business and industrial/shipbuilding|
0.913245; /law, govt and politics/government/government contracting and procurement|0.629225; /law, govt and politics/politics|
0.537734; /art and entertainment/movies and tv/movies/reviews|0.52136; /art and entertainment/shows and events|0.513532; /family and parenting/babies and toddlers|
0.736909; /business and industrial/construction|0.634755; /business and industrial/business operations|0.617021; /business and industrial/business operations/management/business process|
0.686356; /society/unrest and war|0.674265; /business and industrial/business operations/management/business process|0.674076; /family and parenting/children|
0.826785; /law, govt and politics/immigration|0.713803; /law, govt and politics/law enforcement|0.594961; /society/crime/drug trafficking|
0.586762; /news|0.580277; /automotive and vehicles/minivan|0.562478; /style and fashion|
0.915454; /business and industrial/energy/nuclear power/nuclear accident|0.608318; /business and industrial/energy/electricity|
0.753256; /law, govt and politics|0.742215; /law, govt and politics/immigration|0.647755; /law, govt and politics/law enforcement|
0.850579; /law, govt and politics/immigration|0.782704; /law, govt and politics/law enforcement|0.740224; /society/crime/property crime/smuggling|
0.590224; /art and entertainment/shows and events/concert|0.577578; /art and entertainment/movies and tv/movies/reviews|0.541083; /sports/go kart|
0.844848; /law, govt and politics|0.816072; /law, govt and politics/law enforcement|0.699494; /law, govt and politics/espionage and intelligence|
0.911814; /society/unrest and war|0.889224; /law, govt and politics|0.867022; /law, govt and politics/armed forces|
0.820137; /society/unrest and war|0.810544; /law, govt and politics|0.762312; /law, govt and politics/armed forces|
0.563471; /art and entertainment/shows and events/concert|0.560203; /art and entertainment/movies and tv/movies|0.558731; /art and entertainment/movies and tv/movies/reviews|
0.662439; /law, govt and politics|0.661579; /society|0.636657; /society/unrest and war|
0.641168; /art and entertainment/shows and events|0.598452; /sports/go kart|0.594097; /family and parenting/parenting teens|
0.647774; /society|0.59507; /travel/traveling with kids|0.59211; /law, govt and politics|
0.729499; /society|0.69923; /law, govt and politics/immigration|0.651563; /travel/business travel|
0.53756; /education/homework and study tips|0.536882; /art and entertainment/shows and events|0.522795; /family and parenting/children|
0.769036; /law, govt and politics|0.655218; /society/unrest and war|0.653968; /law, govt and politics/immigration|
0.643937; /art and entertainment/shows and events|0.636641; /family and parenting/babies and toddlers/baby clothes|0.611715; /family and parenting/children|
0.582849; /hobbies and interests/home recording|0.562939; /art and entertainment/shows and events|0.555522; /art and entertainment/movies and tv/movies/reviews|
0.745835; /art and entertainment/radio/talk radio|0.598508; /art and entertainment/shows and events|
0.667104; /society/crime|0.577358; /law, govt and politics|0.554924; /law, govt and politics/law enforcement|
0.649319; /law, govt and politics/government|0.625856; /law, govt and politics/government/parliament|0.598422; /law, govt and politics/government/legislative|
0.565163; /art and entertainment/humor|0.549074; /health and fitness/incest and abuse support|0.529575; /society/dating|
0.706304; /law, govt and politics|0.692629; /law, govt and politics/immigration|0.615863; /society/dating|
0.898855; /business and industrial/construction|0.695085; /society/dating|
0.907028; /business and industrial/construction|
0.80208; /health and fitness/therapy|0.637247; /health and fitness/disease|0.620967; /education/teaching and classroom resources|
0.796413; /society/social institution/divorce|0.787984; /society/social institution/marriage|0.619739; /society/social institution/marriage/weddings|
0.718713; /law, govt and politics|0.669485; /education/special education|0.649574; /law, govt and politics/law enforcement|
0.746892; /education/special education|0.671599; /finance/grants, scholarships and financial aid/government grants|0.666276; /law, govt and politics|
0.734702; /law, govt and politics|0.676349; /education/special education|0.669569; /society/crime/sexual offence/prostitution|
0.702968; /law, govt and politics|0.659012; /society/crime/sexual offence/prostitution|0.655136; /education/special education|
0.675251; /family and parenting/children|0.622595; /business and industrial/business operations/human resources/compensation and benefits|0.608214; /business and industrial/business operations/business plans|
0.748453; /education/special education|0.740392; /education/teaching and classroom resources|0.70841; /education/teaching and classroom resources/school supplies|
0.735596; /health and fitness|0.714301; /health and fitness/therapy|0.639172; /education/homework and study tips|
0.658326; /education/teaching and classroom resources|0.65068; /health and fitness|0.63061; /education/special education|
0.675469; /education/teaching and classroom resources|0.630341; /business and industrial/construction|0.597117; /education/homework and study tips|
0.850798; /business and industrial/construction|0.77369; /careers/telecommuting|
0.54547; /family and parenting/babies and toddlers|0.53974; /travel/traveling with kids|0.534808; /art and entertainment/movies|
0.604916; /home and garden/bed and bath/bedroom|0.590874; /food and drink/dining out|0.582858; /home and garden/bed and bath/bathroom|
0.598341; /health and fitness/disorders|0.584828; /health and fitness/disease|0.546919; /style and fashion|
0.855308; /society/unrest and war|0.796607; /law, govt and politics|0.779199; /law, govt and politics/armed forces|
0.823419; /law, govt and politics|0.795409; /society/unrest and war|0.75483; /law, govt and politics/armed forces|
0.786158; /business and industrial/construction|0.624153; /law, govt and politics|0.6141; /society/dating|
0.563165; /family and parenting/babies and toddlers/baby clothes|0.557011; /travel/traveling with kids|0.532718; /sports/go kart|
0.663442; /law, govt and politics/government/government contracting and procurement|0.550129; /society/unrest and war|0.535827; /business and industrial/business operations/business plans|
0.569812; /sports/table tennis and ping-pong|0.539354; /travel/traveling with kids|0.534575; /art and entertainment/shows and events/concert|
0.798585; /law, govt and politics/government|0.617858; /law, govt and politics/politics/elections/presidential elections|0.607559; /law, govt and politics/government/legislative|
0.726321; /law, govt and politics|0.62686; /law, govt and politics/government|0.611515; /law, govt and politics/government/government contracting and procurement|
0.86457; /law, govt and politics/espionage and intelligence/secret service|0.684829; /law, govt and politics/government/executive branch|0.647493; /law, govt and politics/government/heads of state|
0.588683; /law, govt and politics|0.572607; /law, govt and politics/immigration|0.55703; /real estate|
0.626427; /law, govt and politics/immigration|0.601662; /real estate|0.590568; /law, govt and politics/government|
0.86457; /law, govt and politics/espionage and intelligence/secret service|0.684829; /law, govt and politics/government/executive branch|0.647493; /law, govt and politics/government/heads of state|
0.609367; /law, govt and politics/government|0.548301; /law, govt and politics/armed forces|0.542459; /law, govt and politics/politics/elections/presidential elections|
0.999997; /law, govt and politics/government|
0.999972; /law, govt and politics/government|
0.808733; /law, govt and politics/politics/elections|0.807158; /law, govt and politics/politics/elections/presidential elections|0.729736; /law, govt and politics/politics/political parties|
0.616934; /law, govt and politics|0.590469; /travel/business travel|0.576301; /law, govt and politics/government|
0.997284; /law, govt and politics/government|
0.639003; /law, govt and politics/government|0.549763; /law, govt and politics/government/legislative|0.539399; /law, govt and politics/politics|
0.580057; /society/crime/personal offense/homicide|0.567484; /travel/traveling with kids|0.565105; /sports/go kart|
0.994736; /law, govt and politics/government|
0.571694; /food and drink|0.56248; /society/dating|0.556643; /technology and computing/consumer electronics/tv and video equipment/televisions|
0.694408; /art and entertainment/shows and events|0.682021; /business and industrial/business operations/business plans|0.666522; /society/dating|
0.644654; /law, govt and politics/government|0.638695; /sports/go kart|0.59655; /society/dating|
0.608408; /art and entertainment/comics and animation/comics|0.5655; /style and fashion/underwear|0.540166; /health and fitness/sexuality|
NO_LABEL
0.999378; /law, govt and politics/government|
0.807987; /law, govt and politics/government|0.754421; /law, govt and politics/government/heads of state|0.677496; /law, govt and politics/government/parliament|
0.549436; /business and industrial/business operations/management/business process|0.538881; /news|0.533028; /finance/financial news|
0.626419; /art and entertainment/movies and tv/movies|0.59789; /art and entertainment/movies and tv/movies/reviews|0.574273; /art and entertainment/shows and events|
0.911118; /finance/investing/day trading|0.833; /finance/investing/funds/mutual funds|0.795815; /finance/investing/beginning investing|
0.566788; /family and parenting/children|0.558142; /art and entertainment/shows and events|0.549295; /society/dating|
0.665501; /technology and computing/hardware/computer components|0.597467; /science/physics/optics|0.588682; /science/physics/electromagnetism|
0.561226; /business and industrial/business operations|0.555714; /business and industrial/business operations/management/business process|0.555328; /law, govt and politics/politics|
0.6331; /automotive and vehicles/cars/sedan|0.612542; /law, govt and politics|0.598862; /automotive and vehicles/cars/coupe|
0.957187; /law, govt and politics/government|0.852485; /law, govt and politics/politics/elections/presidential elections|0.740618; /law, govt and politics/government/legislative|
0.999179; /law, govt and politics/government|
0.659902; /law, govt and politics/government|0.618304; /law, govt and politics/government/parliament|0.571738; /law, govt and politics/government/legislative|
0.59094; /art and entertainment/shows and events|0.578702; /style and fashion/body art|0.577683; /business and industrial/business operations/management/business process|
0.59094; /art and entertainment/shows and events|0.578702; /style and fashion/body art|0.577683; /business and industrial/business operations/management/business process|
0.665724; /automotive and vehicles/cars/car culture|0.61346; /automotive and vehicles/cars/performance vehicles|0.603506; /automotive and vehicles/auto parts|
0.998537; /law, govt and politics/government|
0.78165; /business and industrial/business software|0.639457; /science/computer science/artificial intelligence|0.614758; /science/computer science/cryptography|
0.574232; /family and parenting/children|0.550903; /business and industrial/business operations/business plans|0.550705; /business and industrial/business software|
0.725235; /law, govt and politics|0.652622; /law, govt and politics/government|0.638966; /law, govt and politics/government/government contracting and procurement|
0.591326; /business and industrial/business news|0.583811; /news/national news|0.573098; /business and industrial/paper industry|
0.651058; /law, govt and politics/government|0.64302; /law, govt and politics/government/legislative|0.620899; /law, govt and politics/government/parliament|
0.712383; /law, govt and politics|0.659314; /law, govt and politics/government|0.644214; /law, govt and politics/government/government contracting and procurement|
0.723806; /law, govt and politics/government|0.613509; /society/crime/personal offense/homicide|0.592365; /education/special education|
0.955605; /law, govt and politics/government|0.905608; /law, govt and politics/politics/elections/presidential elections|0.668563; /law, govt and politics/government/legislative|
0.758382; /law, govt and politics/government|0.648482; /law, govt and politics/politics/elections/presidential elections|0.646071; /law, govt and politics/politics/elections/local elections|
0.618385; /law, govt and politics|0.587181; /law, govt and politics/government|0.576536; /law, govt and politics/government/government contracting and procurement|
0.765445; /home and garden/bed and bath/bedroom|0.722573; /law, govt and politics/politics/elections/presidential elections|0.700083; /law, govt and politics/government|
0.812864; /law, govt and politics/government|0.659012; /law, govt and politics/government/legislative|0.647523; /business and industrial/construction|
0.662003; /family and parenting/babies and toddlers/baby clothes|0.61993; /art and entertainment/shows and events|0.611235; /business and industrial/business operations/business plans|
0.693702; /family and parenting/babies and toddlers/baby clothes|0.620755; /travel/traveling with kids|0.587725; /society/dating|
0.999807; /law, govt and politics/government|
0.999969; /law, govt and politics/government|
0.689468; /law, govt and politics/government/government contracting and procurement|0.630996; /society/unrest and war|0.556834; /finance/financial news|
0.720788; /society/social institution/divorce|0.609734; /family and parenting/babies and toddlers/baby clothes|
0.592742; /law, govt and politics|0.562637; /business and industrial/business operations|0.56116; /art and entertainment/shows and events|
0.939408; /law, govt and politics/government|0.887778; /law, govt and politics/politics/elections/presidential elections|0.638958; /law, govt and politics/politics/political parties|
0.951306; /hobbies and interests/games|0.800723; /careers/job fairs|
0.998496; /law, govt and politics/government|
0.999718; /law, govt and politics/government|
0.989555; /law, govt and politics/government|
0.78165; /business and industrial/business software|0.639457; /science/computer science/artificial intelligence|0.614758; /science/computer science/cryptography|
0.999682; /law, govt and politics/government|
0.911385; /law, govt and politics/espionage and intelligence/secret service|
0.999972; /law, govt and politics/government|
0.894601; /law, govt and politics/espionage and intelligence/secret service|0.686591; /law, govt and politics/government|0.686218; /law, govt and politics/government/executive branch|
0.8358; /law, govt and politics/government|0.791643; /law, govt and politics/politics/elections|0.764045; /law, govt and politics/government/parliament|
0.577392; /family and parenting|0.562428; /business and industrial/business operations/management/business process|0.560333; /family and parenting/children|
0.567125; /art and entertainment/shows and events|0.547797; /family and parenting/babies and toddlers/baby clothes|0.532942; /art and entertainment/shows and events/concert|
0.637667; /law, govt and politics/politics/elections/presidential elections|0.598007; /law, govt and politics/government|0.577252; /law, govt and politics/politics/political parties|
0.574914; /law, govt and politics/government|0.571231; /law, govt and politics/government/government contracting and procurement|0.555416; /family and parenting/children|
0.654918; /law, govt and politics/government|0.623145; /law, govt and politics/government/heads of state|0.599419; /society/social institution/divorce|
0.761894; /law, govt and politics/government|0.744013; /law, govt and politics/politics/elections|0.742587; /law, govt and politics/politics/elections/presidential elections|
0.56779; /travel/traveling with kids|0.556828; /family and parenting/parenting teens|0.522001; /health and fitness/sexuality|
0.836919; /law, govt and politics/immigration|0.728647; /law, govt and politics/law enforcement|0.538267; /business and industrial/business operations|
0.723848; /law, govt and politics/government|0.705173; /law, govt and politics/politics/elections|0.704355; /law, govt and politics/politics/elections/presidential elections|
0.56779; /travel/traveling with kids|0.556828; /family and parenting/parenting teens|0.522001; /health and fitness/sexuality|
0.56779; /travel/traveling with kids|0.556828; /family and parenting/parenting teens|0.522001; /health and fitness/sexuality|
0.836919; /law, govt and politics/immigration|0.728647; /law, govt and politics/law enforcement|0.538267; /business and industrial/business operations|
0.724162; /technology and computing/hardware/computer components|0.624881; /technology and computing/hardware/computer|0.605136; /technology and computing/programming languages|
0.874181; /sports/golf|0.706415; /education/homework and study tips|
0.836919; /law, govt and politics/immigration|0.728647; /law, govt and politics/law enforcement|0.538267; /business and industrial/business operations|
NO_LABEL
0.830038; /law, govt and politics/armed forces|0.645067; /society/unrest and war|0.571716; /religion and spirituality/islam|
0.99824; /law, govt and politics/espionage and intelligence/terrorism|
0.796518; /law, govt and politics/armed forces|0.613597; /sports/bowling|0.580455; /society/unrest and war|
0.614452; /sports/bowling|0.569596; /news/local news|0.563837; /news/national news|
0.734542; /law, govt and politics|0.695752; /health and fitness|0.692674; /society/crime|
0.999774; /law, govt and politics/law enforcement|0.658501; /law, govt and politics/law enforcement/highway patrol|
0.864029; /law, govt and politics/armed forces|0.615693; /sports/fishing|
0.727249; /family and parenting/children|0.717319; /health and fitness|0.675102; /society/crime/personal offense|
0.75576; /education/teaching and classroom resources|0.722379; /business and industrial/construction|0.588647; /education/school|
0.711214; /law, govt and politics|0.683597; /law, govt and politics/immigration|0.641157; /education/teaching and classroom resources|
0.641137; /society/unrest and war|0.615555; /business and industrial/agriculture and forestry/agriculture|0.607118; /law, govt and politics/politics|
0.561744; /art and entertainment/shows and events|0.553195; /family and parenting/parenting teens|0.543324; /society/teens|
0.651582; /sports/skateboarding|
0.536839; /society/unrest and war|0.535783; /family and parenting/parenting teens|0.53473; /law, govt and politics|
0.565842; /law, govt and politics/politics|0.556984; /hobbies and interests/home recording|0.550784; /art and entertainment/movies and tv/movies|
0.704234; /business and industrial/construction|0.626661; /society/unrest and war|0.611586; /society/dating|
0.59094; /art and entertainment/shows and events|0.578702; /style and fashion/body art|0.577683; /business and industrial/business operations/management/business process|
0.664478; /business and industrial/construction|0.570554; /law, govt and politics/politics|0.53879; /law, govt and politics/government/government contracting and procurement|
0.697297; /law, govt and politics/armed forces|0.581032; /law, govt and politics/government/executive branch|0.57714; /finance/financial news|
0.668033; /art and entertainment/movies and tv/comedies|0.610289; /art and entertainment/humor|
0.669521; /health and fitness|0.653692; /law, govt and politics|0.617002; /family and parenting/children|
0.819417; /law, govt and politics/immigration|0.696975; /law, govt and politics/law enforcement|0.579605; /education/teaching and classroom resources|
0.964066; /law, govt and politics/government/government contracting and procurement|0.69958; /law, govt and politics/politics|
0.969447; /law, govt and politics/government/government contracting and procurement|0.753141; /business and industrial/energy/nuclear power/nuclear accident|0.734215; /law, govt and politics/politics|
0.931595; /law, govt and politics/government/government contracting and procurement|0.660326; /law, govt and politics/politics|
0.655864; /art and entertainment/shows and events|0.638654; /society/dating|0.6287; /sports/go kart|
0.559592; /family and parenting|0.553511; /society/sex|0.547328; /health and fitness/sexuality|
0.999574; /business and industrial/business software|
0.648321; /law, govt and politics|0.626361; /society/unrest and war|0.597006; /law, govt and politics/politics|
0.940345; /law, govt and politics/government/government contracting and procurement|0.682581; /law, govt and politics/politics|
0.652638; /automotive and vehicles/buying and selling cars|
0.556883; /news|0.542936; /finance/financial news|0.534831; /business and industrial/business operations|
0.880791; /law, govt and politics/government/government contracting and procurement|0.615463; /law, govt and politics/government/parliament|
0.870824; /sports/auto racing/nascar|0.817143; /sports/boat racing|0.806943; /automotive and vehicles/auto parts|
0.594292; /art and entertainment/shows and events|0.567857; /art and entertainment/movies and tv/movies|0.559209; /travel/honeymoons and getaways|
0.74019; /law, govt and politics/armed forces|0.664876; /society/unrest and war|0.583336; /art and entertainment/shows and events|
0.651582; /sports/skateboarding|
0.747985; /law, govt and politics/government|0.689851; /law, govt and politics/government/heads of state|0.622898; /law, govt and politics/government/parliament|
0.931356; /law, govt and politics/government/government contracting and procurement|0.689854; /law, govt and politics/politics|0.664681; /society/unrest and war|
0.820576; /law, govt and politics|0.798837; /law, govt and politics/government/government contracting and procurement|0.676761; /law, govt and politics/politics/political parties|
0.649029; /society/social institution/divorce|0.604429; /sports/go kart|0.584992; /family and parenting/children|
0.756542; /law, govt and politics/immigration|0.646658; /law, govt and politics/law enforcement|0.603302; /sports/go kart|
0.840445; /law, govt and politics/immigration|0.723105; /law, govt and politics/law enforcement|0.682591; /society/welfare/healthcare|
0.840445; /law, govt and politics/immigration|0.723105; /law, govt and politics/law enforcement|0.682591; /society/welfare/healthcare|
0.756542; /law, govt and politics/immigration|0.646658; /law, govt and politics/law enforcement|0.603302; /sports/go kart|
0.825848; /law, govt and politics|0.794187; /law, govt and politics/immigration|0.703529; /law, govt and politics/law enforcement|
0.651777; /society/unrest and war|0.634729; /law, govt and politics|0.588454; /law, govt and politics/immigration|
0.763829; /law, govt and politics|0.638262; /law, govt and politics/immigration|0.618374; /style and fashion|
0.771906; /health and fitness|0.739438; /health and fitness/therapy|0.713554; /law, govt and politics|
0.629353; /family and parenting/babies and toddlers/baby clothes|0.622445; /society/dating|0.609999; /art and entertainment/shows and events|
0.683982; /health and fitness|0.665793; /law, govt and politics|0.659935; /health and fitness/therapy|
0.644266; /home and garden/bed and bath/bedroom|0.610307; /home and garden/home improvement and repair/roofing|0.572332; /law, govt and politics|
0.55682; /society/gay life|0.555576; /health and fitness/sexuality|0.55293; /family and parenting/babies and toddlers/baby clothes|
0.688093; /education/teaching and classroom resources|0.684217; /business and industrial/construction|0.608559; /health and fitness|
0.748314; /education/teaching and classroom resources|0.739531; /business and industrial/construction|0.671733; /health and fitness|
0.631573; /automotive and vehicles/cars/car culture|0.624397; /automotive and vehicles/auto parts|0.573492; /sports/boat racing|
0.582113; /society/unrest and war|0.55623; /technology and computing/programming languages|0.550989; /law, govt and politics|
0.651582; /sports/skateboarding|
0.582113; /society/unrest and war|0.55623; /technology and computing/programming languages|0.550989; /law, govt and politics|
0.999423; /law, govt and politics/government|
0.925435; /law, govt and politics/government/government contracting and procurement|0.716879; /society/unrest and war|0.618612; /law, govt and politics/politics|
0.96172; /sports/tennis|
0.606969; /art and entertainment/shows and events|0.56832; /business and industrial/business operations/business plans|0.549385; /news|
0.69179; /food and drink/cuisines/american cuisine|0.619883; /society/unrest and war|0.604334; /law, govt and politics/politics/foreign policy|
0.809775; /law, govt and politics/immigration|0.6988; /law, govt and politics/law enforcement|0.574175; /society/crime/drug trafficking|
0.69179; /food and drink/cuisines/american cuisine|0.619883; /society/unrest and war|0.604334; /law, govt and politics/politics/foreign policy|
0.707946; /law, govt and politics/immigration|0.624543; /law, govt and politics/law enforcement|0.578644; /automotive and vehicles/buying and selling cars|
0.576958; /art and entertainment/shows and events/concert|0.570523; /art and entertainment/movies and tv/movies|0.561239; /art and entertainment/celebrity fan and gossip|
0.571797; /art and entertainment/shows and events|0.545264; /food and drink|0.526733; /family and parenting/parenting teens|
0.576958; /art and entertainment/shows and events/concert|0.570523; /art and entertainment/movies and tv/movies|0.561239; /art and entertainment/celebrity fan and gossip|
0.836277; /law, govt and politics/immigration|0.721457; /law, govt and politics/law enforcement|0.523771; /sports/go kart|
0.722562; /society/unrest and war|0.66682; /law, govt and politics|0.623439; /law, govt and politics/immigration|
0.800816; /law, govt and politics/immigration|0.712769; /law, govt and politics/law enforcement|0.647326; /health and fitness|
0.608486; /art and entertainment/movies and tv/movies|0.589251; /art and entertainment/shows and events|0.583616; /art and entertainment/movies and tv/movies/reviews|
0.833284; /business and industrial|0.78899; /business and industrial/business operations|0.769304; /travel/business travel|
0.716506; /education/special education|0.623522; /education/high school|0.589379; /education/school|
0.733312; /business and industrial/construction|0.647094; /law, govt and politics/government|0.631054; /law, govt and politics/government/legislative|
0.924717; /law, govt and politics/government/government contracting and procurement|0.666798; /law, govt and politics/politics|
0.752401; /business and industrial/construction|0.620089; /finance/investing/funds|0.60621; /finance/financial news|
0.688458; /law, govt and politics/politics/elections/presidential elections|0.639196; /law, govt and politics/government|0.604901; /law, govt and politics/government/parliament|
0.577078; /society/unrest and war|0.546032; /news|0.545966; /business and industrial/business operations|
0.630964; /law, govt and politics/government|0.599585; /law, govt and politics/government/government contracting and procurement|0.596708; /law, govt and politics/government/parliament|
0.587114; /society/crime/personal offense/homicide|0.578116; /family and parenting/children|0.567917; /society/crime/personal offense/assault|
0.608408; /art and entertainment/comics and animation/comics|0.5655; /style and fashion/underwear|0.540166; /health and fitness/sexuality|
0.608408; /art and entertainment/comics and animation/comics|0.5655; /style and fashion/underwear|0.540166; /health and fitness/sexuality|
0.651582; /sports/skateboarding|
0.569884; /society/unrest and war|0.561105; /law, govt and politics|0.550888; /business and industrial/business operations/business plans|
0.520663; /society|0.520385; /law, govt and politics/politics|0.511539; /religion and spirituality/buddhism|
0.836919; /law, govt and politics/immigration|0.728647; /law, govt and politics/law enforcement|0.538267; /business and industrial/business operations|
0.806049; /law, govt and politics|0.757429; /law, govt and politics/immigration|0.634752; /law, govt and politics/law enforcement|
0.712876; /law, govt and politics/politics/elections/referendums|
0.712383; /law, govt and politics|0.659314; /law, govt and politics/government|0.644214; /law, govt and politics/government/government contracting and procurement|
NO_LABEL
0.678613; /religion and spirituality/christianity/orthodoxy|0.667486; /family and parenting/children|0.611339; /art and entertainment/shows and events|
0.644868; /pets/dogs|0.584548; /society/dating|0.560789; /travel/traveling with kids|
0.556401; /family and parenting/babies and toddlers/baby clothes|0.535037; /sports/skateboarding|0.532229; /sports/go kart|
0.636605; /technology and computing/consumer electronics/audio equipment/stereo systems and components|0.589927; /technology and computing/consumer electronics/audio equipment/speakers|0.589881; /technology and computing/mp3 and midi|
0.835961; /law, govt and politics/government|0.782106; /law, govt and politics/government/heads of state|0.706998; /law, govt and politics/government/parliament|
0.793432; /law, govt and politics/immigration|0.678112; /law, govt and politics/law enforcement|0.58039; /education/teaching and classroom resources|
0.801948; /law, govt and politics|0.800341; /law, govt and politics/immigration|0.687316; /society/crime/property crime/smuggling|
0.799872; /law, govt and politics/immigration|0.685111; /law, govt and politics/law enforcement|0.558615; /society/crime/drug trafficking|
0.75576; /education/teaching and classroom resources|0.722379; /business and industrial/construction|0.588647; /education/school|
0.810035; /law, govt and politics/immigration|0.686219; /law, govt and politics/law enforcement|0.593794; /automotive and vehicles/auto parts|
0.828249; /law, govt and politics/immigration|0.721613; /law, govt and politics/law enforcement|0.702118; /society/crime/property crime/smuggling|
0.712876; /law, govt and politics/politics/elections/referendums|
0.651582; /sports/skateboarding|
0.836919; /law, govt and politics/immigration|0.728647; /law, govt and politics/law enforcement|0.538267; /business and industrial/business operations|
0.810035; /law, govt and politics/immigration|0.686219; /law, govt and politics/law enforcement|0.593794; /automotive and vehicles/auto parts|
0.764313; /law, govt and politics|0.747015; /law, govt and politics/immigration|0.644655; /law, govt and politics/law enforcement|
0.684134; /art and entertainment/shows and events|0.650843; /science/mathematics/arithmetic|0.618746; /style and fashion/body art|
0.93305; /law, govt and politics/politics|0.83409; /law, govt and politics/politics/political parties|0.715127; /society/unrest and war|
0.858383; /law, govt and politics|0.718484; /law, govt and politics/immigration|0.707647; /law, govt and politics/law enforcement|
0.768087; /law, govt and politics|0.706881; /law, govt and politics/immigration|0.616355; /education/teaching and classroom resources|
0.54861; /science/computer science/distributed systems|0.548119; /business and industrial/business software|0.542891; /sports/running and jogging|
0.793418; /society/social institution/divorce|0.654221; /sports/go kart|
0.641137; /society/unrest and war|0.615555; /business and industrial/agriculture and forestry/agriculture|0.607118; /law, govt and politics/politics|
0.623646; /family and parenting/children|0.600996; /education/teaching and classroom resources|0.556964; /law, govt and politics|
0.913843; /society/work/unemployment|0.692183; /law, govt and politics/politics|
0.833256; /health and fitness/disorders/mental disorder/bipolar disorder|0.794841; /real estate/buying and selling homes|0.755787; /finance/investing/day trading|
0.611819; /law, govt and politics|0.568662; /society/unrest and war|0.56704; /law, govt and politics/government/parliament|
1.0; /society/work/unemployment|0.515582; /society/welfare|
0.816392; /sports/tennis|0.794589; /law, govt and politics/politics/elections/presidential elections|0.722259; /law, govt and politics/government|
0.761837; /society/unrest and war|0.614099; /law, govt and politics/armed forces/army|0.580104; /travel/transports|
0.999924; /law, govt and politics/government|
0.999298; /law, govt and politics/government|
0.803393; /society/unrest and war|0.685378; /law, govt and politics/armed forces/army|
0.600481; /society/crime/personal offense/homicide|0.596309; /society/unrest and war|0.545575; /society/sex|
0.999975; /law, govt and politics/government|
0.626904; /technology and computing/consumer electronics/audio equipment/stereo systems and components|0.575683; /technology and computing/consumer electronics/audio equipment/speakers|0.571799; /technology and computing/mp3 and midi|
0.999997; /law, govt and politics/government|
0.716758; /law, govt and politics/government|0.600093; /law, govt and politics/politics/elections/presidential elections|0.562144; /law, govt and politics/government/heads of state|
NO_LABEL
0.611237; /society/social institution/divorce|0.59216; /news|0.568149; /family and parenting/children|
0.631746; /careers/job fairs|0.608909; /careers/career planning|0.585176; /automotive and vehicles/auto parts|
0.54372; /art and entertainment/shows and events|0.53952; /art and entertainment/comics and animation/comics|0.53629; /society/social institution/divorce|
0.694159; /law, govt and politics|0.646465; /law, govt and politics/politics|0.585701; /business and industrial/business operations/business plans|
0.590018; /travel/traveling with kids|0.574186; /family and parenting/parenting teens|0.556474; /society/dating|
0.547354; /news|0.540233; /law, govt and politics/politics|0.531138; /business and industrial/business software|
0.662592; /law, govt and politics/government/government contracting and procurement|0.628888; /finance/financial news|0.565811; /law, govt and politics/politics/lobbying|
0.576658; /family and parenting/children|0.573866; /art and entertainment/shows and events|0.563125; /family and parenting/babies and toddlers/baby clothes|
0.664478; /law, govt and politics|0.658646; /law, govt and politics/government/government contracting and procurement|0.648543; /finance/financial news|
0.682977; /law, govt and politics|0.64481; /law, govt and politics/government|0.58175; /law, govt and politics/politics|
0.576658; /family and parenting/children|0.573866; /art and entertainment/shows and events|0.563125; /family and parenting/babies and toddlers/baby clothes|
0.836919; /law, govt and politics/immigration|0.728647; /law, govt and politics/law enforcement|0.538267; /business and industrial/business operations|
0.748705; /law, govt and politics|0.644985; /law, govt and politics/government/government contracting and procurement|0.620369; /art and entertainment/shows and events|
0.773113; /law, govt and politics/immigration|0.667159; /law, govt and politics/law enforcement|0.552195; /society|
0.933873; /law, govt and politics|0.886941; /law, govt and politics/government/government contracting and procurement|
0.863718; /law, govt and politics|0.86095; /law, govt and politics/immigration|0.65362; /law, govt and politics/law enforcement|
0.681426; /society/social institution/divorce|0.57676; /law, govt and politics|0.570397; /law, govt and politics/government/government contracting and procurement|
0.810035; /law, govt and politics/immigration|0.686219; /law, govt and politics/law enforcement|0.593794; /automotive and vehicles/auto parts|
0.636605; /technology and computing/consumer electronics/audio equipment/stereo systems and components|0.589927; /technology and computing/consumer electronics/audio equipment/speakers|0.589881; /technology and computing/mp3 and midi|
0.759759; /art and entertainment/radio/talk radio|
0.765441; /business and industrial/construction|0.623143; /society/dating|0.589647; /art and entertainment/shows and events|
0.799065; /law, govt and politics|0.732553; /law, govt and politics/government|0.685841; /law, govt and politics/immigration|
0.556883; /news|0.542936; /finance/financial news|0.534831; /business and industrial/business operations|
0.747602; /business and industrial/construction|0.62611; /law, govt and politics|0.603594; /law, govt and politics/government|
0.740578; /automotive and vehicles/auto parts|0.573378; /food and drink/food/fast food|0.562454; /art and entertainment/shows and events|
0.608399; /family and parenting|0.596696; /education/homework and study tips|0.592522; /business and industrial/business operations/management/business process|
0.740578; /automotive and vehicles/auto parts|0.573378; /food and drink/food/fast food|0.562454; /art and entertainment/shows and events|
0.789034; /law, govt and politics|0.761032; /law, govt and politics/immigration|0.683138; /law, govt and politics/law enforcement|
0.702015; /education/teaching and classroom resources|0.597574; /education/teaching and classroom resources/school supplies|0.594829; /law, govt and politics|
0.802116; /law, govt and politics/government|0.734266; /law, govt and politics/government/heads of state|0.673545; /law, govt and politics/government/executive branch|
0.994093; /education/special education|0.965029; /finance/grants, scholarships and financial aid/government grants|0.885687; /education/high school|
0.657487; /art and entertainment/movies and tv/movies|0.655939; /art and entertainment/shows and events|0.628785; /art and entertainment/movies and tv/movies/reviews|
0.678331; /hobbies and interests/home recording|0.57396; /technology and computing/mp3 and midi|
0.803484; /finance/grants, scholarships and financial aid/government grants|0.674246; /science/mathematics/algebra|0.663822; /law, govt and politics/armed forces/veterans|
0.583345; /sports/go kart|0.555536; /automotive and vehicles/auto parts|0.544329; /sports/bowling|
0.640513; /business and industrial/business operations|0.625221; /education/teaching and classroom resources|0.616026; /business and industrial/business operations/management/business process|
0.771515; /finance/investing|0.771515; /finance/investing/beginning investing|0.657167; /finance/investing/funds|
0.699303; /education|0.671711; /society/crime/property crime|0.658426; /education/studying business|
0.707099; /law, govt and politics|0.701113; /society/unrest and war|0.630075; /law, govt and politics/government/government contracting and procurement|
0.599183; /education/studying business|0.585268; /society/unrest and war|0.557367; /art and entertainment/shows and events|
0.609405; /art and entertainment/shows and events|0.562661; /art and entertainment/movies and tv/movies|0.554074; /family and parenting/children|
0.580498; /art and entertainment/shows and events|0.559526; /art and entertainment/movies and tv/movies|0.55208; /family and parenting/children|
0.714601; /style and fashion|0.618091; /style and fashion/clothing/skirts|0.607421; /style and fashion/men 's fashion|
0.986518; /news/national news|
0.987902; /health and fitness|0.892456; /health and fitness/drugs|
0.941125; /science/medicine|0.826864; /health and fitness|0.801979; /health and fitness/disease|
0.706975; /law, govt and politics|0.620207; /law, govt and politics/immigration|0.605405; /society/unrest and war|
0.868005; /law, govt and politics/immigration|0.751061; /law, govt and politics/law enforcement|0.618416; /society/crime/drug trafficking|
0.810035; /law, govt and politics/immigration|0.686219; /law, govt and politics/law enforcement|0.593794; /automotive and vehicles/auto parts|
0.585991; /art and entertainment/shows and events|0.583128; /law, govt and politics/politics|0.582596; /family and parenting/parenting teens|
0.62693; /family and parenting/children|0.562879; /family and parenting/babies and toddlers|0.553227; /society|
0.569049; /family and parenting/children|0.545198; /society/racism|0.541274; /health and fitness|
0.538298; /law, govt and politics|0.528786; /health and fitness/sexuality|0.524538; /art and entertainment/shows and events/concert|
0.79658; /law, govt and politics/government|0.735965; /law, govt and politics/government/heads of state|0.658252; /law, govt and politics/government/executive branch|
0.868005; /law, govt and politics/immigration|0.751061; /law, govt and politics/law enforcement|0.618416; /society/crime/drug trafficking|
0.873069; /law, govt and politics/government|0.807613; /law, govt and politics/politics/elections/presidential elections|0.689529; /society/unrest and war|
0.621789; /society/social institution/divorce|0.578397; /news|0.535384; /family and parenting/children|
0.982991; /law, govt and politics|0.970183; /law, govt and politics/politics/elections|0.920863; /law, govt and politics/politics/political parties|
0.624329; /society/social institution/divorce|0.614343; /news|0.565914; /family and parenting/children|
0.725235; /law, govt and politics|0.652622; /law, govt and politics/government|0.638966; /law, govt and politics/government/government contracting and procurement|
0.857813; /law, govt and politics|0.778602; /society/unrest and war|0.702043; /law, govt and politics/politics|
0.611237; /society/social institution/divorce|0.59216; /news|0.568149; /family and parenting/children|
0.727846; /law, govt and politics/government|0.654522; /law, govt and politics/government/heads of state|0.616675; /law, govt and politics/government/government contracting and procurement|
0.790522; /health and fitness|0.726995; /health and fitness/therapy|0.656236; /finance/investing/funds|
0.999963; /technology and computing/computer security/network security|
0.652737; /law, govt and politics/government|0.583788; /law, govt and politics/government/courts and judiciary|0.576092; /law, govt and politics/government/parliament|
0.556883; /news|0.542936; /finance/financial news|0.534831; /business and industrial/business operations|
0.681426; /society/social institution/divorce|0.57676; /law, govt and politics|0.570397; /law, govt and politics/government/government contracting and procurement|
0.556883; /news|0.542936; /finance/financial news|0.534831; /business and industrial/business operations|
0.681426; /society/social institution/divorce|0.57676; /law, govt and politics|0.570397; /law, govt and politics/government/government contracting and procurement|
0.626904; /technology and computing/consumer electronics/audio equipment/stereo systems and components|0.575683; /technology and computing/consumer electronics/audio equipment/speakers|0.571799; /technology and computing/mp3 and midi|
0.68178; /law, govt and politics|0.660037; /society|0.611415; /family and parenting/children|
0.787173; /law, govt and politics|0.71958; /law, govt and politics/government/government contracting and procurement|0.601889; /society/unrest and war|
0.589162; /news|0.57928; /art and entertainment/movies and tv/television|0.572751; /science/weather|
0.623811; /society/dating|0.602364; /family and parenting/babies and toddlers|0.590359; /family and parenting/children|
0.556883; /news|0.542936; /finance/financial news|0.534831; /business and industrial/business operations|
0.636771; /automotive and vehicles/buying and selling cars|0.594605; /news|0.55844; /art and entertainment/shows and events|
NO_LABEL
0.691203; /business and industrial/construction|0.622759; /travel/transports/sea travel|0.588013; /business and industrial/business operations|
0.567452; /art and entertainment/shows and events|0.543713; /sports/swimming|0.540872; /style and fashion|
0.567452; /art and entertainment/shows and events|0.543713; /sports/swimming|0.540872; /style and fashion|
0.622824; /society/dating|0.612713; /family and parenting/babies and toddlers|0.595791; /travel/traveling with kids|
0.652638; /automotive and vehicles/buying and selling cars|
0.899056; /law, govt and politics/government/government contracting and procurement|0.67623; /law, govt and politics/politics|0.665147; /society/unrest and war|
0.674447; /business and industrial/business operations|0.666663; /law, govt and politics/armed forces|0.599121; /finance/financial news|
0.584165; /family and parenting/parenting teens|0.583239; /art and entertainment/shows and events|0.56423; /art and entertainment/movies and tv/movies/reviews|
0.667311; /law, govt and politics|0.620183; /law, govt and politics/armed forces|0.569022; /news|
0.629217; /sports/go kart|0.586586; /family and parenting/babies and toddlers/baby clothes|0.558788; /family and parenting/parenting teens|
0.801039; /law, govt and politics|0.723091; /law, govt and politics/armed forces|0.647391; /society/crime/personal offense|
0.528479; /society|0.520466; /travel/honeymoons and getaways|0.520225; /sports/boxing|
0.555554; /sports/go kart|0.544559; /style and fashion/underwear|0.544268; /art and entertainment/shows and events|
0.656922; /law, govt and politics|0.588391; /law, govt and politics/government/government contracting and procurement|0.546302; /society|
0.565737; /law, govt and politics|0.53974; /society/racism|0.537688; /law, govt and politics/politics|
0.608408; /art and entertainment/comics and animation/comics|0.5655; /style and fashion/underwear|0.540166; /health and fitness/sexuality|
1.0; /careers/job fairs|
0.564884; /religion and spirituality/christianity/orthodoxy|0.535644; /law, govt and politics/politics|0.532803; /law, govt and politics/politics/lobbying|
0.530437; /news|0.523091; /family and parenting/children|0.522962; /society|
0.564884; /religion and spirituality/christianity/orthodoxy|0.535644; /law, govt and politics/politics|0.532803; /law, govt and politics/politics/lobbying|
0.909313; /health and fitness|0.872889; /law, govt and politics|0.737303; /society/crime|
0.721687; /science/geology/volcanology/volcanic eruptions|0.7046; /science/geology/seismology/earthquakes|0.600234; /science/geology/mineralogy|
0.905156; /business and industrial/energy/nuclear power/nuclear accident|0.611469; /science/weather|
0.629517; /society/crime/sexual offence/rape|0.536031; /society/sex|0.529464; /law, govt and politics|
0.894496; /careers/telecommuting|
0.684895; /science/geology/volcanology/volcanic eruptions|0.6839; /science/geology/seismology/earthquakes|0.572314; /science/geology/mineralogy|
0.636605; /technology and computing/consumer electronics/audio equipment/stereo systems and components|0.589927; /technology and computing/consumer electronics/audio equipment/speakers|0.589881; /technology and computing/mp3 and midi|
0.76746; /law, govt and politics|0.766945; /law, govt and politics/immigration|0.688502; /law, govt and politics/law enforcement|
0.684883; /religion and spirituality/islam|0.660254; /religion and spirituality/christianity|0.610982; /society|
0.608408; /art and entertainment/comics and animation/comics|0.5655; /style and fashion/underwear|0.540166; /health and fitness/sexuality|
0.566786; /business and industrial/company/bankruptcy|0.533819; /business and industrial/green solutions|0.522752; /business and industrial/company/earnings|
0.560997; /sports/skateboarding|0.534546; /art and entertainment/shows and events/festival|0.51442; /art and entertainment/shows and events/concert|
0.88832; /law, govt and politics/government/government contracting and procurement|0.638869; /law, govt and politics/government/parliament|
0.999955; /law, govt and politics/armed forces/army|
0.998261; /law, govt and politics/armed forces/army|
0.565556; /business and industrial/company/bankruptcy|0.526453; /business and industrial/green solutions|0.517303; /business and industrial/energy/natural gas|
0.990258; /law, govt and politics/armed forces/army|
0.696473; /careers/job search|0.604323; /education/homework and study tips|0.600489; /society/work|
0.696473; /careers/job search|0.604323; /education/homework and study tips|0.600489; /society/work|
0.74314; /society/unrest and war|0.639959; /law, govt and politics|0.606491; /family and parenting/children|
0.745221; /business and industrial/mining industry|0.601619; /society/dating|0.575698; /family and parenting/babies and toddlers/baby clothes|
0.600387; /family and parenting/parenting teens|0.598842; /travel/traveling with kids|0.569817; /family and parenting/babies and toddlers/baby clothes|
0.584809; /law, govt and politics|0.56758; /health and fitness|0.567478; /family and parenting/parenting teens|
0.997069; /law, govt and politics/armed forces/army|
0.649949; /art and entertainment/shows and events|0.644016; /travel/traveling with kids|0.636017; /family and parenting/babies and toddlers|
0.586946; /art and entertainment/movies and tv/movies|0.583839; /art and entertainment/movies and tv/movies/reviews|0.559464; /sports/football|
0.586946; /art and entertainment/movies and tv/movies|0.583839; /art and entertainment/movies and tv/movies/reviews|0.559464; /sports/football|
NO_LABEL
0.755544; /law, govt and politics/government|0.701347; /law, govt and politics/government/heads of state|0.639226; /law, govt and politics/government/parliament|
NO_LABEL
0.999342; /law, govt and politics/armed forces/army|
0.589744; /sports/football|0.54035; /sports/go kart|0.530345; /news|
0.59241; /society/dating|0.591547; /art and entertainment/shows and events|0.551531; /sports/go kart|
0.590944; /hobbies and interests/home recording|0.587227; /society/sex|0.570681; /health and fitness/sexuality|
0.566786; /business and industrial/company/bankruptcy|0.533819; /business and industrial/green solutions|0.522752; /business and industrial/company/earnings|
0.676393; /hobbies and interests/home recording|0.661497; /sports/bowling|0.604501; /hobbies and interests/games|
